record_id,state,taluk_name,metric_group,holder_group,value,unit,value_level,is_zero
AG00001,Karnataka,Afzalpur,Numbers,Male,37837.0,Count,Medium,No
AG00002,Karnataka,Afzalpur,Numbers,Female,12663.0,Count,Medium,No
AG00003,Karnataka,Afzalpur,Numbers,Institution,5.0,Count,Low,No
AG00004,Karnataka,Afzalpur,Numbers,Total,50505.0,Count,High,No
AG00005,Karnataka,Afzalpur,Area,Male,84973.34,Area,High,No
AG00006,Karnataka,Afzalpur,Area,Female,25570.26,Area,Medium,No
AG00007,Karnataka,Afzalpur,Area,Institution,40.78,Area,Low,No
AG00008,Karnataka,Afzalpur,Area,Total,110584.38,Area,High,No
AG00009,Karnataka,Ajjampura,Numbers,Male,0.0,Count,Zero,Yes
AG00010,Karnataka,Ajjampura,Numbers,Female,0.0,Count,Zero,Yes
AG00011,Karnataka,Ajjampura,Numbers,Institution,0.0,Count,Zero,Yes
AG00012,Karnataka,Ajjampura,Numbers,Total,0.0,Count,Zero,Yes
AG00013,Karnataka,Ajjampura,Area,Male,0.0,Area,Zero,Yes
AG00014,Karnataka,Ajjampura,Area,Female,0.0,Area,Zero,Yes
AG00015,Karnataka,Ajjampura,Area,Institution,0.0,Area,Zero,Yes
AG00016,Karnataka,Ajjampura,Area,Total,0.0,Area,Zero,Yes
AG00017,Karnataka,Aland,Numbers,Male,53260.0,Count,High,No
AG00018,Karnataka,Aland,Numbers,Female,12869.0,Count,Medium,No
AG00019,Karnataka,Aland,Numbers,Institution,30.0,Count,Low,No
AG00020,Karnataka,Aland,Numbers,Total,66159.0,Count,High,No
AG00021,Karnataka,Aland,Area,Male,124413.89,Area,High,No
AG00022,Karnataka,Aland,Area,Female,27056.27,Area,Medium,No
AG00023,Karnataka,Aland,Area,Institution,212.97,Area,Low,No
AG00024,Karnataka,Aland,Area,Total,151683.13,Area,High,No
AG00025,Karnataka,Alnavara,Numbers,Male,0.0,Count,Zero,Yes
AG00026,Karnataka,Alnavara,Numbers,Female,0.0,Count,Zero,Yes
AG00027,Karnataka,Alnavara,Numbers,Institution,0.0,Count,Zero,Yes
AG00028,Karnataka,Alnavara,Numbers,Total,0.0,Count,Zero,Yes
AG00029,Karnataka,Alnavara,Area,Male,0.0,Area,Zero,Yes
AG00030,Karnataka,Alnavara,Area,Female,0.0,Area,Zero,Yes
AG00031,Karnataka,Alnavara,Area,Institution,0.0,Area,Zero,Yes
AG00032,Karnataka,Alnavara,Area,Total,0.0,Area,Zero,Yes
AG00033,Karnataka,Alur,Numbers,Male,20810.0,Count,Medium,No
AG00034,Karnataka,Alur,Numbers,Female,5762.0,Count,Low,No
AG00035,Karnataka,Alur,Numbers,Institution,87.0,Count,Low,No
AG00036,Karnataka,Alur,Numbers,Total,26659.0,Count,Medium,No
AG00037,Karnataka,Alur,Area,Male,22383.87,Area,Medium,No
AG00038,Karnataka,Alur,Area,Female,5586.74,Area,Low,No
AG00039,Karnataka,Alur,Area,Institution,986.45,Area,Low,No
AG00040,Karnataka,Alur,Area,Total,28957.06,Area,Medium,No
AG00041,Karnataka,Anekal,Numbers,Male,31424.0,Count,Medium,No
AG00042,Karnataka,Anekal,Numbers,Female,8322.0,Count,Low,No
AG00043,Karnataka,Anekal,Numbers,Institution,0.0,Count,Zero,Yes
AG00044,Karnataka,Anekal,Numbers,Total,39746.0,Count,Medium,No
AG00045,Karnataka,Anekal,Area,Male,24534.65,Area,Medium,No
AG00046,Karnataka,Anekal,Area,Female,6089.85,Area,Low,No
AG00047,Karnataka,Anekal,Area,Institution,0.0,Area,Zero,Yes
AG00048,Karnataka,Anekal,Area,Total,30624.5,Area,Medium,No
AG00049,Karnataka,Ankola,Numbers,Male,16799.0,Count,Medium,No
AG00050,Karnataka,Ankola,Numbers,Female,5932.0,Count,Low,No
AG00051,Karnataka,Ankola,Numbers,Institution,32.0,Count,Low,No
AG00052,Karnataka,Ankola,Numbers,Total,22763.0,Count,Medium,No
AG00053,Karnataka,Ankola,Area,Male,9237.5,Area,Low,No
AG00054,Karnataka,Ankola,Area,Female,2700.6,Area,Low,No
AG00055,Karnataka,Ankola,Area,Institution,50.82,Area,Low,No
AG00056,Karnataka,Ankola,Area,Total,11988.92,Area,Medium,No
AG00057,Karnataka,Annigeri,Numbers,Male,0.0,Count,Zero,Yes
AG00058,Karnataka,Annigeri,Numbers,Female,0.0,Count,Zero,Yes
AG00059,Karnataka,Annigeri,Numbers,Institution,0.0,Count,Zero,Yes
AG00060,Karnataka,Annigeri,Numbers,Total,0.0,Count,Zero,Yes
AG00061,Karnataka,Annigeri,Area,Male,0.0,Area,Zero,Yes
AG00062,Karnataka,Annigeri,Area,Female,0.0,Area,Zero,Yes
AG00063,Karnataka,Annigeri,Area,Institution,0.0,Area,Zero,Yes
AG00064,Karnataka,Annigeri,Area,Total,0.0,Area,Zero,Yes
AG00065,Karnataka,Arkalgud,Numbers,Male,51041.0,Count,High,No
AG00066,Karnataka,Arkalgud,Numbers,Female,12064.0,Count,Medium,No
AG00067,Karnataka,Arkalgud,Numbers,Institution,247.0,Count,Low,No
AG00068,Karnataka,Arkalgud,Numbers,Total,63352.0,Count,High,No
AG00069,Karnataka,Arkalgud,Area,Male,39942.14,Area,Medium,No
AG00070,Karnataka,Arkalgud,Area,Female,9428.89,Area,Low,No
AG00071,Karnataka,Arkalgud,Area,Institution,288.52,Area,Low,No
AG00072,Karnataka,Arkalgud,Area,Total,49659.55,Area,Medium,No
AG00073,Karnataka,Arsikere,Numbers,Male,71587.0,Count,High,No
AG00074,Karnataka,Arsikere,Numbers,Female,17106.0,Count,Medium,No
AG00075,Karnataka,Arsikere,Numbers,Institution,368.0,Count,Low,No
AG00076,Karnataka,Arsikere,Numbers,Total,89061.0,Count,High,No
AG00077,Karnataka,Arsikere,Area,Male,69070.86,Area,High,No
AG00078,Karnataka,Arsikere,Area,Female,15562.03,Area,Medium,No
AG00079,Karnataka,Arsikere,Area,Institution,573.17,Area,Low,No
AG00080,Karnataka,Arsikere,Area,Total,85206.06,Area,High,No
AG00081,Karnataka,Athani,Numbers,Male,91005.0,Count,High,No
AG00082,Karnataka,Athani,Numbers,Female,12401.0,Count,Medium,No
AG00083,Karnataka,Athani,Numbers,Institution,2123.0,Count,Low,No
AG00084,Karnataka,Athani,Numbers,Total,105529.0,Count,High,No
AG00085,Karnataka,Athani,Area,Male,159221.84,Area,High,No
AG00086,Karnataka,Athani,Area,Female,19305.91,Area,Medium,No
AG00087,Karnataka,Athani,Area,Institution,7466.43,Area,Low,No
AG00088,Karnataka,Athani,Area,Total,185994.18,Area,High,No
AG00089,Karnataka,Aurad,Numbers,Male,44071.0,Count,Medium,No
AG00090,Karnataka,Aurad,Numbers,Female,10809.0,Count,Medium,No
AG00091,Karnataka,Aurad,Numbers,Institution,28.0,Count,Low,No
AG00092,Karnataka,Aurad,Numbers,Total,54908.0,Count,High,No
AG00093,Karnataka,Aurad,Area,Male,88253.79,Area,High,No
AG00094,Karnataka,Aurad,Area,Female,18127.78,Area,Medium,No
AG00095,Karnataka,Aurad,Area,Institution,112.57,Area,Low,No
AG00096,Karnataka,Aurad,Area,Total,106494.14,Area,High,No
AG00097,Karnataka,Babaleshwara,Numbers,Male,0.0,Count,Zero,Yes
AG00098,Karnataka,Babaleshwara,Numbers,Female,0.0,Count,Zero,Yes
AG00099,Karnataka,Babaleshwara,Numbers,Institution,0.0,Count,Zero,Yes
AG00100,Karnataka,Babaleshwara,Numbers,Total,0.0,Count,Zero,Yes
AG00101,Karnataka,Babaleshwara,Area,Male,0.0,Area,Zero,Yes
AG00102,Karnataka,Babaleshwara,Area,Female,0.0,Area,Zero,Yes
AG00103,Karnataka,Babaleshwara,Area,Institution,0.0,Area,Zero,Yes
AG00104,Karnataka,Babaleshwara,Area,Total,0.0,Area,Zero,Yes
AG00105,Karnataka,Badami,Numbers,Male,40071.0,Count,Medium,No
AG00106,Karnataka,Badami,Numbers,Female,7327.0,Count,Low,No
AG00107,Karnataka,Badami,Numbers,Institution,126.0,Count,Low,No
AG00108,Karnataka,Badami,Numbers,Total,47524.0,Count,Medium,No
AG00109,Karnataka,Badami,Area,Male,79068.55,Area,High,No
AG00110,Karnataka,Badami,Area,Female,13417.21,Area,Medium,No
AG00111,Karnataka,Badami,Area,Institution,2376.18,Area,Low,No
AG00112,Karnataka,Badami,Area,Total,94861.94,Area,High,No
AG00113,Karnataka,Bagalkote,Numbers,Male,24110.0,Count,Medium,No
AG00114,Karnataka,Bagalkote,Numbers,Female,5892.0,Count,Low,No
AG00115,Karnataka,Bagalkote,Numbers,Institution,18.0,Count,Low,No
AG00116,Karnataka,Bagalkote,Numbers,Total,30020.0,Count,Medium,No
AG00117,Karnataka,Bagalkote,Area,Male,48986.76,Area,Medium,No
AG00118,Karnataka,Bagalkote,Area,Female,10736.48,Area,Medium,No
AG00119,Karnataka,Bagalkote,Area,Institution,48.29,Area,Low,No
AG00120,Karnataka,Bagalkote,Area,Total,59771.53,Area,High,No
AG00121,Karnataka,Bagepalli,Numbers,Male,27607.0,Count,Medium,No
AG00122,Karnataka,Bagepalli,Numbers,Female,4299.0,Count,Low,No
AG00123,Karnataka,Bagepalli,Numbers,Institution,2.0,Count,Low,No
AG00124,Karnataka,Bagepalli,Numbers,Total,31908.0,Count,Medium,No
AG00125,Karnataka,Bagepalli,Area,Male,37406.5,Area,Medium,No
AG00126,Karnataka,Bagepalli,Area,Female,5054.14,Area,Low,No
AG00127,Karnataka,Bagepalli,Area,Institution,2.79,Area,Low,No
AG00128,Karnataka,Bagepalli,Area,Total,42463.43,Area,Medium,No
AG00129,Karnataka,Bailhongal,Numbers,Male,53196.0,Count,High,No
AG00130,Karnataka,Bailhongal,Numbers,Female,4855.0,Count,Low,No
AG00131,Karnataka,Bailhongal,Numbers,Institution,63.0,Count,Low,No
AG00132,Karnataka,Bailhongal,Numbers,Total,58114.0,Count,High,No
AG00133,Karnataka,Bailhongal,Area,Male,81803.0,Area,High,No
AG00134,Karnataka,Bailhongal,Area,Female,6324.0,Area,Low,No
AG00135,Karnataka,Bailhongal,Area,Institution,251.0,Area,Low,No
AG00136,Karnataka,Bailhongal,Area,Total,88378.0,Area,High,No
AG00137,Karnataka,Ballari,Numbers,Male,33188.0,Count,Medium,No
AG00138,Karnataka,Ballari,Numbers,Female,10708.0,Count,Medium,No
AG00139,Karnataka,Ballari,Numbers,Institution,123.0,Count,Low,No
AG00140,Karnataka,Ballari,Numbers,Total,44019.0,Count,Medium,No
AG00141,Karnataka,Ballari,Area,Male,66762.76,Area,High,No
AG00142,Karnataka,Ballari,Area,Female,17373.95,Area,Medium,No
AG00143,Karnataka,Ballari,Area,Institution,623.62,Area,Low,No
AG00144,Karnataka,Ballari,Area,Total,84760.33,Area,High,No
AG00145,Karnataka,Bangalore (North),Numbers,Male,33005.0,Count,Medium,No
AG00146,Karnataka,Bangalore (North),Numbers,Female,9039.0,Count,Low,No
AG00147,Karnataka,Bangalore (North),Numbers,Institution,12.0,Count,Low,No
AG00148,Karnataka,Bangalore (North),Numbers,Total,42056.0,Count,Medium,No
AG00149,Karnataka,Bangalore (North),Area,Male,22948.08,Area,Medium,No
AG00150,Karnataka,Bangalore (North),Area,Female,6067.39,Area,Low,No
AG00151,Karnataka,Bangalore (North),Area,Institution,16.33,Area,Low,No
AG00152,Karnataka,Bangalore (North),Area,Total,29031.8,Area,Medium,No
AG00153,Karnataka,Bangalore-East,Numbers,Male,5837.0,Count,Low,No
AG00154,Karnataka,Bangalore-East,Numbers,Female,1364.0,Count,Low,No
AG00155,Karnataka,Bangalore-East,Numbers,Institution,0.0,Count,Zero,Yes
AG00156,Karnataka,Bangalore-East,Numbers,Total,7201.0,Count,Low,No
AG00157,Karnataka,Bangalore-East,Area,Male,4757.04,Area,Low,No
AG00158,Karnataka,Bangalore-East,Area,Female,938.66,Area,Low,No
AG00159,Karnataka,Bangalore-East,Area,Institution,0.0,Area,Zero,Yes
AG00160,Karnataka,Bangalore-East,Area,Total,5695.7,Area,Low,No
AG00161,Karnataka,Bangalore-South,Numbers,Male,13832.0,Count,Medium,No
AG00162,Karnataka,Bangalore-South,Numbers,Female,4398.0,Count,Low,No
AG00163,Karnataka,Bangalore-South,Numbers,Institution,1.0,Count,Low,No
AG00164,Karnataka,Bangalore-South,Numbers,Total,18231.0,Count,Medium,No
AG00165,Karnataka,Bangalore-South,Area,Male,13794.42,Area,Medium,No
AG00166,Karnataka,Bangalore-South,Area,Female,4153.32,Area,Low,No
AG00167,Karnataka,Bangalore-South,Area,Institution,1.14,Area,Low,No
AG00168,Karnataka,Bangalore-South,Area,Total,17948.88,Area,Medium,No
AG00169,Karnataka,Bangarpet,Numbers,Male,25916.0,Count,Medium,No
AG00170,Karnataka,Bangarpet,Numbers,Female,7007.0,Count,Low,No
AG00171,Karnataka,Bangarpet,Numbers,Institution,23.0,Count,Low,No
AG00172,Karnataka,Bangarpet,Numbers,Total,32946.0,Count,Medium,No
AG00173,Karnataka,Bangarpet,Area,Male,19071.16,Area,Medium,No
AG00174,Karnataka,Bangarpet,Area,Female,3914.48,Area,Low,No
AG00175,Karnataka,Bangarpet,Area,Institution,51.68,Area,Low,No
AG00176,Karnataka,Bangarpet,Area,Total,23037.32,Area,Medium,No
AG00177,Karnataka,Bantwal,Numbers,Male,36009.0,Count,Medium,No
AG00178,Karnataka,Bantwal,Numbers,Female,17023.0,Count,Medium,No
AG00179,Karnataka,Bantwal,Numbers,Institution,249.0,Count,Low,No
AG00180,Karnataka,Bantwal,Numbers,Total,53281.0,Count,High,No
AG00181,Karnataka,Bantwal,Area,Male,26428.51,Area,Medium,No
AG00182,Karnataka,Bantwal,Area,Female,12690.0,Area,Medium,No
AG00183,Karnataka,Bantwal,Area,Institution,438.28,Area,Low,No
AG00184,Karnataka,Bantwal,Area,Total,39556.79,Area,Medium,No
AG00185,Karnataka,Basavakalyan,Numbers,Male,46133.0,Count,Medium,No
AG00186,Karnataka,Basavakalyan,Numbers,Female,10817.0,Count,Medium,No
AG00187,Karnataka,Basavakalyan,Numbers,Institution,67.0,Count,Low,No
AG00188,Karnataka,Basavakalyan,Numbers,Total,57017.0,Count,High,No
AG00189,Karnataka,Basavakalyan,Area,Male,81064.08,Area,High,No
AG00190,Karnataka,Basavakalyan,Area,Female,16595.5,Area,Medium,No
AG00191,Karnataka,Basavakalyan,Area,Institution,257.51,Area,Low,No
AG00192,Karnataka,Basavakalyan,Area,Total,97917.09,Area,High,No
AG00193,Karnataka,Basavan Bagewadi,Numbers,Male,54545.0,Count,High,No
AG00194,Karnataka,Basavan Bagewadi,Numbers,Female,10139.0,Count,Medium,No
AG00195,Karnataka,Basavan Bagewadi,Numbers,Institution,24.0,Count,Low,No
AG00196,Karnataka,Basavan Bagewadi,Numbers,Total,64708.0,Count,High,No
AG00197,Karnataka,Basavan Bagewadi,Area,Male,149552.73,Area,High,No
AG00198,Karnataka,Basavan Bagewadi,Area,Female,25543.8,Area,Medium,No
AG00199,Karnataka,Basavan Bagewadi,Area,Institution,135.52,Area,Low,No
AG00200,Karnataka,Basavan Bagewadi,Area,Total,175232.05,Area,High,No
AG00201,Karnataka,Belagavi,Numbers,Male,50284.0,Count,High,No
AG00202,Karnataka,Belagavi,Numbers,Female,3511.0,Count,Low,No
AG00203,Karnataka,Belagavi,Numbers,Institution,196.0,Count,Low,No
AG00204,Karnataka,Belagavi,Numbers,Total,53991.0,Count,High,No
AG00205,Karnataka,Belagavi,Area,Male,60586.0,Area,High,No
AG00206,Karnataka,Belagavi,Area,Female,3804.0,Area,Low,No
AG00207,Karnataka,Belagavi,Area,Institution,1143.0,Area,Low,No
AG00208,Karnataka,Belagavi,Area,Total,65533.0,Area,High,No
AG00209,Karnataka,Belthangady,Numbers,Male,29120.0,Count,Medium,No
AG00210,Karnataka,Belthangady,Numbers,Female,12851.0,Count,Medium,No
AG00211,Karnataka,Belthangady,Numbers,Institution,69.0,Count,Low,No
AG00212,Karnataka,Belthangady,Numbers,Total,42040.0,Count,Medium,No
AG00213,Karnataka,Belthangady,Area,Male,24991.75,Area,Medium,No
AG00214,Karnataka,Belthangady,Area,Female,11002.75,Area,Medium,No
AG00215,Karnataka,Belthangady,Area,Institution,1212.93,Area,Low,No
AG00216,Karnataka,Belthangady,Area,Total,37207.43,Area,Medium,No
AG00217,Karnataka,Belur,Numbers,Male,45886.0,Count,Medium,No
AG00218,Karnataka,Belur,Numbers,Female,10047.0,Count,Medium,No
AG00219,Karnataka,Belur,Numbers,Institution,201.0,Count,Low,No
AG00220,Karnataka,Belur,Numbers,Total,56134.0,Count,High,No
AG00221,Karnataka,Belur,Area,Male,47930.81,Area,Medium,No
AG00222,Karnataka,Belur,Area,Female,10122.41,Area,Medium,No
AG00223,Karnataka,Belur,Area,Institution,679.82,Area,Low,No
AG00224,Karnataka,Belur,Area,Total,58733.04,Area,High,No
AG00225,Karnataka,Bhadravathi,Numbers,Male,29888.0,Count,Medium,No
AG00226,Karnataka,Bhadravathi,Numbers,Female,11287.0,Count,Medium,No
AG00227,Karnataka,Bhadravathi,Numbers,Institution,99.0,Count,Low,No
AG00228,Karnataka,Bhadravathi,Numbers,Total,41274.0,Count,Medium,No
AG00229,Karnataka,Bhadravathi,Area,Male,23072.74,Area,Medium,No
AG00230,Karnataka,Bhadravathi,Area,Female,8710.84,Area,Low,No
AG00231,Karnataka,Bhadravathi,Area,Institution,146.53,Area,Low,No
AG00232,Karnataka,Bhadravathi,Area,Total,31930.11,Area,Medium,No
AG00233,Karnataka,Bhalki,Numbers,Male,45263.0,Count,Medium,No
AG00234,Karnataka,Bhalki,Numbers,Female,14035.0,Count,Medium,No
AG00235,Karnataka,Bhalki,Numbers,Institution,30.0,Count,Low,No
AG00236,Karnataka,Bhalki,Numbers,Total,59328.0,Count,High,No
AG00237,Karnataka,Bhalki,Area,Male,71151.36,Area,High,No
AG00238,Karnataka,Bhalki,Area,Female,19792.57,Area,Medium,No
AG00239,Karnataka,Bhalki,Area,Institution,75.2,Area,Low,No
AG00240,Karnataka,Bhalki,Area,Total,91019.13,Area,High,No
AG00241,Karnataka,Bhatkal,Numbers,Male,13142.0,Count,Medium,No
AG00242,Karnataka,Bhatkal,Numbers,Female,4856.0,Count,Low,No
AG00243,Karnataka,Bhatkal,Numbers,Institution,35.0,Count,Low,No
AG00244,Karnataka,Bhatkal,Numbers,Total,18033.0,Count,Medium,No
AG00245,Karnataka,Bhatkal,Area,Male,5668.53,Area,Low,No
AG00246,Karnataka,Bhatkal,Area,Female,1905.85,Area,Low,No
AG00247,Karnataka,Bhatkal,Area,Institution,112.65,Area,Low,No
AG00248,Karnataka,Bhatkal,Area,Total,7687.03,Area,Low,No
AG00249,Karnataka,Bidar,Numbers,Male,35162.0,Count,Medium,No
AG00250,Karnataka,Bidar,Numbers,Female,10084.0,Count,Medium,No
AG00251,Karnataka,Bidar,Numbers,Institution,19.0,Count,Low,No
AG00252,Karnataka,Bidar,Numbers,Total,45265.0,Count,Medium,No
AG00253,Karnataka,Bidar,Area,Male,52505.77,Area,High,No
AG00254,Karnataka,Bidar,Area,Female,14688.87,Area,Medium,No
AG00255,Karnataka,Bidar,Area,Institution,45.92,Area,Low,No
AG00256,Karnataka,Bidar,Area,Total,67240.56,Area,High,No
AG00257,Karnataka,Bijapur,Numbers,Male,77219.0,Count,High,No
AG00258,Karnataka,Bijapur,Numbers,Female,11677.0,Count,Medium,No
AG00259,Karnataka,Bijapur,Numbers,Institution,12.0,Count,Low,No
AG00260,Karnataka,Bijapur,Numbers,Total,88908.0,Count,High,No
AG00261,Karnataka,Bijapur,Area,Male,201361.6,Area,High,No
AG00262,Karnataka,Bijapur,Area,Female,28282.05,Area,Medium,No
AG00263,Karnataka,Bijapur,Area,Institution,72.31,Area,Low,No
AG00264,Karnataka,Bijapur,Area,Total,229715.96,Area,High,No
AG00265,Karnataka,Bilagi,Numbers,Male,20087.0,Count,Medium,No
AG00266,Karnataka,Bilagi,Numbers,Female,3977.0,Count,Low,No
AG00267,Karnataka,Bilagi,Numbers,Institution,9.0,Count,Low,No
AG00268,Karnataka,Bilagi,Numbers,Total,24073.0,Count,Medium,No
AG00269,Karnataka,Bilagi,Area,Male,34430.08,Area,Medium,No
AG00270,Karnataka,Bilagi,Area,Female,6231.71,Area,Low,No
AG00271,Karnataka,Bilagi,Area,Institution,36.66,Area,Low,No
AG00272,Karnataka,Bilagi,Area,Total,40698.45,Area,Medium,No
AG00273,Karnataka,Bramhavara,Numbers,Male,19228.0,Count,Medium,No
AG00274,Karnataka,Bramhavara,Numbers,Female,15435.0,Count,Medium,No
AG00275,Karnataka,Bramhavara,Numbers,Institution,106.0,Count,Low,No
AG00276,Karnataka,Bramhavara,Numbers,Total,34769.0,Count,Medium,No
AG00277,Karnataka,Bramhavara,Area,Male,10200.0,Area,Medium,No
AG00278,Karnataka,Bramhavara,Area,Female,8651.0,Area,Low,No
AG00279,Karnataka,Bramhavara,Area,Institution,145.0,Area,Low,No
AG00280,Karnataka,Bramhavara,Area,Total,18996.0,Area,Medium,No
AG00281,Karnataka,Byadagi,Numbers,Male,20113.0,Count,Medium,No
AG00282,Karnataka,Byadagi,Numbers,Female,2480.0,Count,Low,No
AG00283,Karnataka,Byadagi,Numbers,Institution,14.0,Count,Low,No
AG00284,Karnataka,Byadagi,Numbers,Total,22607.0,Count,Medium,No
AG00285,Karnataka,Byadagi,Area,Male,30085.79,Area,Medium,No
AG00286,Karnataka,Byadagi,Area,Female,3343.87,Area,Low,No
AG00287,Karnataka,Byadagi,Area,Institution,24.63,Area,Low,No
AG00288,Karnataka,Byadagi,Area,Total,33454.29,Area,Medium,No
AG00289,Karnataka,Bynduru,Numbers,Male,14919.0,Count,Medium,No
AG00290,Karnataka,Bynduru,Numbers,Female,12541.0,Count,Medium,No
AG00291,Karnataka,Bynduru,Numbers,Institution,17.0,Count,Low,No
AG00292,Karnataka,Bynduru,Numbers,Total,27477.0,Count,Medium,No
AG00293,Karnataka,Bynduru,Area,Male,8555.0,Area,Low,No
AG00294,Karnataka,Bynduru,Area,Female,5866.0,Area,Low,No
AG00295,Karnataka,Bynduru,Area,Institution,4.0,Area,Low,No
AG00296,Karnataka,Bynduru,Area,Total,14425.0,Area,Medium,No
AG00297,Karnataka,Chadachana,Numbers,Male,0.0,Count,Zero,Yes
AG00298,Karnataka,Chadachana,Numbers,Female,0.0,Count,Zero,Yes
AG00299,Karnataka,Chadachana,Numbers,Institution,0.0,Count,Zero,Yes
AG00300,Karnataka,Chadachana,Numbers,Total,0.0,Count,Zero,Yes
AG00301,Karnataka,Chadachana,Area,Male,0.0,Area,Zero,Yes
AG00302,Karnataka,Chadachana,Area,Female,0.0,Area,Zero,Yes
AG00303,Karnataka,Chadachana,Area,Institution,0.0,Area,Zero,Yes
AG00304,Karnataka,Chadachana,Area,Total,0.0,Area,Zero,Yes
AG00305,Karnataka,Challakere,Numbers,Male,47955.0,Count,Medium,No
AG00306,Karnataka,Challakere,Numbers,Female,16392.0,Count,Medium,No
AG00307,Karnataka,Challakere,Numbers,Institution,129.0,Count,Low,No
AG00308,Karnataka,Challakere,Numbers,Total,64476.0,Count,High,No
AG00309,Karnataka,Challakere,Area,Male,107937.26,Area,High,No
AG00310,Karnataka,Challakere,Area,Female,37191.13,Area,Medium,No
AG00311,Karnataka,Challakere,Area,Institution,954.94,Area,Low,No
AG00312,Karnataka,Challakere,Area,Total,146083.33,Area,High,No
AG00313,Karnataka,Chamarajanagara,Numbers,Male,64251.0,Count,High,No
AG00314,Karnataka,Chamarajanagara,Numbers,Female,16142.0,Count,Medium,No
AG00315,Karnataka,Chamarajanagara,Numbers,Institution,86.0,Count,Low,No
AG00316,Karnataka,Chamarajanagara,Numbers,Total,80479.0,Count,High,No
AG00317,Karnataka,Chamarajanagara,Area,Male,55371.4,Area,High,No
AG00318,Karnataka,Chamarajanagara,Area,Female,12837.97,Area,Medium,No
AG00319,Karnataka,Chamarajanagara,Area,Institution,146.65,Area,Low,No
AG00320,Karnataka,Chamarajanagara,Area,Total,68356.02,Area,High,No
AG00321,Karnataka,Channagiri,Numbers,Male,47053.0,Count,Medium,No
AG00322,Karnataka,Channagiri,Numbers,Female,13649.0,Count,Medium,No
AG00323,Karnataka,Channagiri,Numbers,Institution,175.0,Count,Low,No
AG00324,Karnataka,Channagiri,Numbers,Total,60877.0,Count,High,No
AG00325,Karnataka,Channagiri,Area,Male,56135.03,Area,High,No
AG00326,Karnataka,Channagiri,Area,Female,15839.4,Area,Medium,No
AG00327,Karnataka,Channagiri,Area,Institution,263.36,Area,Low,No
AG00328,Karnataka,Channagiri,Area,Total,72237.79,Area,High,No
AG00329,Karnataka,Channapatna,Numbers,Male,49092.0,Count,Medium,No
AG00330,Karnataka,Channapatna,Numbers,Female,13255.0,Count,Medium,No
AG00331,Karnataka,Channapatna,Numbers,Institution,397.0,Count,Low,No
AG00332,Karnataka,Channapatna,Numbers,Total,62744.0,Count,High,No
AG00333,Karnataka,Channapatna,Area,Male,24326.8,Area,Medium,No
AG00334,Karnataka,Channapatna,Area,Female,6961.25,Area,Low,No
AG00335,Karnataka,Channapatna,Area,Institution,1132.73,Area,Low,No
AG00336,Karnataka,Channapatna,Area,Total,32420.78,Area,Medium,No
AG00337,Karnataka,Channarayapatna,Numbers,Male,93388.0,Count,High,No
AG00338,Karnataka,Channarayapatna,Numbers,Female,27143.0,Count,Medium,No
AG00339,Karnataka,Channarayapatna,Numbers,Institution,345.0,Count,Low,No
AG00340,Karnataka,Channarayapatna,Numbers,Total,120876.0,Count,High,No
AG00341,Karnataka,Channarayapatna,Area,Male,61345.81,Area,High,No
AG00342,Karnataka,Channarayapatna,Area,Female,16518.02,Area,Medium,No
AG00343,Karnataka,Channarayapatna,Area,Institution,507.14,Area,Low,No
AG00344,Karnataka,Channarayapatna,Area,Total,78370.97,Area,High,No
AG00345,Karnataka,Chikballapur,Numbers,Male,37359.0,Count,Medium,No
AG00346,Karnataka,Chikballapur,Numbers,Female,8341.0,Count,Low,No
AG00347,Karnataka,Chikballapur,Numbers,Institution,43.0,Count,Low,No
AG00348,Karnataka,Chikballapur,Numbers,Total,45743.0,Count,Medium,No
AG00349,Karnataka,Chikballapur,Area,Male,23851.76,Area,Medium,No
AG00350,Karnataka,Chikballapur,Area,Female,4768.86,Area,Low,No
AG00351,Karnataka,Chikballapur,Area,Institution,217.73,Area,Low,No
AG00352,Karnataka,Chikballapur,Area,Total,28838.35,Area,Medium,No
AG00353,Karnataka,Chikkodi,Numbers,Male,88367.0,Count,High,No
AG00354,Karnataka,Chikkodi,Numbers,Female,6930.0,Count,Low,No
AG00355,Karnataka,Chikkodi,Numbers,Institution,91.0,Count,Low,No
AG00356,Karnataka,Chikkodi,Numbers,Total,95388.0,Count,High,No
AG00357,Karnataka,Chikkodi,Area,Male,104971.0,Area,High,No
AG00358,Karnataka,Chikkodi,Area,Female,7187.0,Area,Low,No
AG00359,Karnataka,Chikkodi,Area,Institution,557.0,Area,Low,No
AG00360,Karnataka,Chikkodi,Area,Total,112715.0,Area,High,No
AG00361,Karnataka,Chikmagalur,Numbers,Male,39846.0,Count,Medium,No
AG00362,Karnataka,Chikmagalur,Numbers,Female,8014.0,Count,Low,No
AG00363,Karnataka,Chikmagalur,Numbers,Institution,297.0,Count,Low,No
AG00364,Karnataka,Chikmagalur,Numbers,Total,48157.0,Count,Medium,No
AG00365,Karnataka,Chikmagalur,Area,Male,52831.8,Area,High,No
AG00366,Karnataka,Chikmagalur,Area,Female,11077.75,Area,Medium,No
AG00367,Karnataka,Chikmagalur,Area,Institution,3152.36,Area,Low,No
AG00368,Karnataka,Chikmagalur,Area,Total,67061.91,Area,High,No
AG00369,Karnataka,Chiknayakanahalli,Numbers,Male,38689.0,Count,Medium,No
AG00370,Karnataka,Chiknayakanahalli,Numbers,Female,7585.0,Count,Low,No
AG00371,Karnataka,Chiknayakanahalli,Numbers,Institution,64.0,Count,Low,No
AG00372,Karnataka,Chiknayakanahalli,Numbers,Total,46338.0,Count,Medium,No
AG00373,Karnataka,Chiknayakanahalli,Area,Male,52284.6,Area,High,No
AG00374,Karnataka,Chiknayakanahalli,Area,Female,9168.09,Area,Low,No
AG00375,Karnataka,Chiknayakanahalli,Area,Institution,73.32,Area,Low,No
AG00376,Karnataka,Chiknayakanahalli,Area,Total,61526.01,Area,High,No
AG00377,Karnataka,Chincholi,Numbers,Male,40787.0,Count,Medium,No
AG00378,Karnataka,Chincholi,Numbers,Female,11633.0,Count,Medium,No
AG00379,Karnataka,Chincholi,Numbers,Institution,23.0,Count,Low,No
AG00380,Karnataka,Chincholi,Numbers,Total,52443.0,Count,High,No
AG00381,Karnataka,Chincholi,Area,Male,85689.71,Area,High,No
AG00382,Karnataka,Chincholi,Area,Female,22966.68,Area,Medium,No
AG00383,Karnataka,Chincholi,Area,Institution,110.84,Area,Low,No
AG00384,Karnataka,Chincholi,Area,Total,108767.23,Area,High,No
AG00385,Karnataka,Chinthamani,Numbers,Male,41903.0,Count,Medium,No
AG00386,Karnataka,Chinthamani,Numbers,Female,8018.0,Count,Low,No
AG00387,Karnataka,Chinthamani,Numbers,Institution,7.0,Count,Low,No
AG00388,Karnataka,Chinthamani,Numbers,Total,49928.0,Count,Medium,No
AG00389,Karnataka,Chinthamani,Area,Male,33304.64,Area,Medium,No
AG00390,Karnataka,Chinthamani,Area,Female,6101.17,Area,Low,No
AG00391,Karnataka,Chinthamani,Area,Institution,5.71,Area,Low,No
AG00392,Karnataka,Chinthamani,Area,Total,39411.52,Area,Medium,No
AG00393,Karnataka,Chitradurga,Numbers,Male,42424.0,Count,Medium,No
AG00394,Karnataka,Chitradurga,Numbers,Female,16239.0,Count,Medium,No
AG00395,Karnataka,Chitradurga,Numbers,Institution,187.0,Count,Low,No
AG00396,Karnataka,Chitradurga,Numbers,Total,58850.0,Count,High,No
AG00397,Karnataka,Chitradurga,Area,Male,74350.48,Area,High,No
AG00398,Karnataka,Chitradurga,Area,Female,27559.37,Area,Medium,No
AG00399,Karnataka,Chitradurga,Area,Institution,747.21,Area,Low,No
AG00400,Karnataka,Chitradurga,Area,Total,102657.06,Area,High,No
AG00401,Karnataka,Chittaguppa,Numbers,Male,0.0,Count,Zero,Yes
AG00402,Karnataka,Chittaguppa,Numbers,Female,0.0,Count,Zero,Yes
AG00403,Karnataka,Chittaguppa,Numbers,Institution,0.0,Count,Zero,Yes
AG00404,Karnataka,Chittaguppa,Numbers,Total,0.0,Count,Zero,Yes
AG00405,Karnataka,Chittaguppa,Area,Male,0.0,Area,Zero,Yes
AG00406,Karnataka,Chittaguppa,Area,Female,0.0,Area,Zero,Yes
AG00407,Karnataka,Chittaguppa,Area,Institution,0.0,Area,Zero,Yes
AG00408,Karnataka,Chittaguppa,Area,Total,0.0,Area,Zero,Yes
AG00409,Karnataka,Chittapur,Numbers,Male,56697.0,Count,High,No
AG00410,Karnataka,Chittapur,Numbers,Female,11654.0,Count,Medium,No
AG00411,Karnataka,Chittapur,Numbers,Institution,85.0,Count,Low,No
AG00412,Karnataka,Chittapur,Numbers,Total,68436.0,Count,High,No
AG00413,Karnataka,Chittapur,Area,Male,118741.59,Area,High,No
AG00414,Karnataka,Chittapur,Area,Female,23572.76,Area,Medium,No
AG00415,Karnataka,Chittapur,Area,Institution,368.07,Area,Low,No
AG00416,Karnataka,Chittapur,Area,Total,142682.42,Area,High,No
AG00417,Karnataka,Dandelli,Numbers,Male,0.0,Count,Zero,Yes
AG00418,Karnataka,Dandelli,Numbers,Female,0.0,Count,Zero,Yes
AG00419,Karnataka,Dandelli,Numbers,Institution,0.0,Count,Zero,Yes
AG00420,Karnataka,Dandelli,Numbers,Total,0.0,Count,Zero,Yes
AG00421,Karnataka,Dandelli,Area,Male,0.0,Area,Zero,Yes
AG00422,Karnataka,Dandelli,Area,Female,0.0,Area,Zero,Yes
AG00423,Karnataka,Dandelli,Area,Institution,0.0,Area,Zero,Yes
AG00424,Karnataka,Dandelli,Area,Total,0.0,Area,Zero,Yes
AG00425,Karnataka,Davanagere,Numbers,Male,42100.0,Count,Medium,No
AG00426,Karnataka,Davanagere,Numbers,Female,11282.0,Count,Medium,No
AG00427,Karnataka,Davanagere,Numbers,Institution,352.0,Count,Low,No
AG00428,Karnataka,Davanagere,Numbers,Total,53734.0,Count,High,No
AG00429,Karnataka,Davanagere,Area,Male,51877.42,Area,High,No
AG00430,Karnataka,Davanagere,Area,Female,13103.04,Area,Medium,No
AG00431,Karnataka,Davanagere,Area,Institution,1557.65,Area,Low,No
AG00432,Karnataka,Davanagere,Area,Total,66538.11,Area,High,No
AG00433,Karnataka,Devanahalli,Numbers,Male,33496.0,Count,Medium,No
AG00434,Karnataka,Devanahalli,Numbers,Female,8266.0,Count,Low,No
AG00435,Karnataka,Devanahalli,Numbers,Institution,10.0,Count,Low,No
AG00436,Karnataka,Devanahalli,Numbers,Total,41772.0,Count,Medium,No
AG00437,Karnataka,Devanahalli,Area,Male,23444.91,Area,Medium,No
AG00438,Karnataka,Devanahalli,Area,Female,5353.42,Area,Low,No
AG00439,Karnataka,Devanahalli,Area,Institution,46.42,Area,Low,No
AG00440,Karnataka,Devanahalli,Area,Total,28844.75,Area,Medium,No
AG00441,Karnataka,Devara Hipparagi,Numbers,Male,0.0,Count,Zero,Yes
AG00442,Karnataka,Devara Hipparagi,Numbers,Female,0.0,Count,Zero,Yes
AG00443,Karnataka,Devara Hipparagi,Numbers,Institution,0.0,Count,Zero,Yes
AG00444,Karnataka,Devara Hipparagi,Numbers,Total,0.0,Count,Zero,Yes
AG00445,Karnataka,Devara Hipparagi,Area,Male,0.0,Area,Zero,Yes
AG00446,Karnataka,Devara Hipparagi,Area,Female,0.0,Area,Zero,Yes
AG00447,Karnataka,Devara Hipparagi,Area,Institution,0.0,Area,Zero,Yes
AG00448,Karnataka,Devara Hipparagi,Area,Total,0.0,Area,Zero,Yes
AG00449,Karnataka,Devdurga,Numbers,Male,50314.0,Count,High,No
AG00450,Karnataka,Devdurga,Numbers,Female,10686.0,Count,Medium,No
AG00451,Karnataka,Devdurga,Numbers,Institution,12.0,Count,Low,No
AG00452,Karnataka,Devdurga,Numbers,Total,61012.0,Count,High,No
AG00453,Karnataka,Devdurga,Area,Male,105079.81,Area,High,No
AG00454,Karnataka,Devdurga,Area,Female,23925.36,Area,Medium,No
AG00455,Karnataka,Devdurga,Area,Institution,20.67,Area,Low,No
AG00456,Karnataka,Devdurga,Area,Total,129025.84,Area,High,No
AG00457,Karnataka,Dharwad,Numbers,Male,32998.0,Count,Medium,No
AG00458,Karnataka,Dharwad,Numbers,Female,6192.0,Count,Low,No
AG00459,Karnataka,Dharwad,Numbers,Institution,38.0,Count,Low,No
AG00460,Karnataka,Dharwad,Numbers,Total,39228.0,Count,Medium,No
AG00461,Karnataka,Dharwad,Area,Male,65977.8,Area,High,No
AG00462,Karnataka,Dharwad,Area,Female,11761.64,Area,Medium,No
AG00463,Karnataka,Dharwad,Area,Institution,379.36,Area,Low,No
AG00464,Karnataka,Dharwad,Area,Total,78118.8,Area,High,No
AG00465,Karnataka,Doddaballapura,Numbers,Male,48712.0,Count,Medium,No
AG00466,Karnataka,Doddaballapura,Numbers,Female,14321.0,Count,Medium,No
AG00467,Karnataka,Doddaballapura,Numbers,Institution,43.0,Count,Low,No
AG00468,Karnataka,Doddaballapura,Numbers,Total,63076.0,Count,High,No
AG00469,Karnataka,Doddaballapura,Area,Male,37859.59,Area,Medium,No
AG00470,Karnataka,Doddaballapura,Area,Female,10700.16,Area,Medium,No
AG00471,Karnataka,Doddaballapura,Area,Institution,135.08,Area,Low,No
AG00472,Karnataka,Doddaballapura,Area,Total,48694.83,Area,Medium,No
AG00473,Karnataka,Gadag,Numbers,Male,33250.0,Count,Medium,No
AG00474,Karnataka,Gadag,Numbers,Female,7169.0,Count,Low,No
AG00475,Karnataka,Gadag,Numbers,Institution,128.0,Count,Low,No
AG00476,Karnataka,Gadag,Numbers,Total,40547.0,Count,Medium,No
AG00477,Karnataka,Gadag,Area,Male,77882.27,Area,High,No
AG00478,Karnataka,Gadag,Area,Female,14931.65,Area,Medium,No
AG00479,Karnataka,Gadag,Area,Institution,606.62,Area,Low,No
AG00480,Karnataka,Gadag,Area,Total,93420.54,Area,High,No
AG00481,Karnataka,Gajendragad,Numbers,Male,0.0,Count,Zero,Yes
AG00482,Karnataka,Gajendragad,Numbers,Female,0.0,Count,Zero,Yes
AG00483,Karnataka,Gajendragad,Numbers,Institution,0.0,Count,Zero,Yes
AG00484,Karnataka,Gajendragad,Numbers,Total,0.0,Count,Zero,Yes
AG00485,Karnataka,Gajendragad,Area,Male,0.0,Area,Zero,Yes
AG00486,Karnataka,Gajendragad,Area,Female,0.0,Area,Zero,Yes
AG00487,Karnataka,Gajendragad,Area,Institution,0.0,Area,Zero,Yes
AG00488,Karnataka,Gajendragad,Area,Total,0.0,Area,Zero,Yes
AG00489,Karnataka,Gangavathi,Numbers,Male,47955.0,Count,Medium,No
AG00490,Karnataka,Gangavathi,Numbers,Female,16735.0,Count,Medium,No
AG00491,Karnataka,Gangavathi,Numbers,Institution,48.0,Count,Low,No
AG00492,Karnataka,Gangavathi,Numbers,Total,64738.0,Count,High,No
AG00493,Karnataka,Gangavathi,Area,Male,67802.45,Area,High,No
AG00494,Karnataka,Gangavathi,Area,Female,20840.74,Area,Medium,No
AG00495,Karnataka,Gangavathi,Area,Institution,253.71,Area,Low,No
AG00496,Karnataka,Gangavathi,Area,Total,88896.9,Area,High,No
AG00497,Karnataka,Gauribidanur,Numbers,Male,46307.0,Count,Medium,No
AG00498,Karnataka,Gauribidanur,Numbers,Female,12625.0,Count,Medium,No
AG00499,Karnataka,Gauribidanur,Numbers,Institution,43.0,Count,Low,No
AG00500,Karnataka,Gauribidanur,Numbers,Total,58975.0,Count,High,No
AG00501,Karnataka,Gauribidanur,Area,Male,39159.35,Area,Medium,No
AG00502,Karnataka,Gauribidanur,Area,Female,9948.63,Area,Low,No
AG00503,Karnataka,Gauribidanur,Area,Institution,83.33,Area,Low,No
AG00504,Karnataka,Gauribidanur,Area,Total,49191.31,Area,Medium,No
AG00505,Karnataka,Gokak,Numbers,Male,62459.0,Count,High,No
AG00506,Karnataka,Gokak,Numbers,Female,4948.0,Count,Low,No
AG00507,Karnataka,Gokak,Numbers,Institution,105.0,Count,Low,No
AG00508,Karnataka,Gokak,Numbers,Total,67512.0,Count,High,No
AG00509,Karnataka,Gokak,Area,Male,107330.0,Area,High,No
AG00510,Karnataka,Gokak,Area,Female,7633.0,Area,Low,No
AG00511,Karnataka,Gokak,Area,Institution,774.0,Area,Low,No
AG00512,Karnataka,Gokak,Area,Total,115737.0,Area,High,No
AG00513,Karnataka,Gubbi,Numbers,Male,48864.0,Count,Medium,No
AG00514,Karnataka,Gubbi,Numbers,Female,12356.0,Count,Medium,No
AG00515,Karnataka,Gubbi,Numbers,Institution,147.0,Count,Low,No
AG00516,Karnataka,Gubbi,Numbers,Total,61367.0,Count,High,No
AG00517,Karnataka,Gubbi,Area,Male,52599.32,Area,High,No
AG00518,Karnataka,Gubbi,Area,Female,12323.75,Area,Medium,No
AG00519,Karnataka,Gubbi,Area,Institution,114.74,Area,Low,No
AG00520,Karnataka,Gubbi,Area,Total,65037.81,Area,High,No
AG00521,Karnataka,Gudibande,Numbers,Male,10350.0,Count,Medium,No
AG00522,Karnataka,Gudibande,Numbers,Female,2624.0,Count,Low,No
AG00523,Karnataka,Gudibande,Numbers,Institution,5.0,Count,Low,No
AG00524,Karnataka,Gudibande,Numbers,Total,12979.0,Count,Medium,No
AG00525,Karnataka,Gudibande,Area,Male,5920.92,Area,Low,No
AG00526,Karnataka,Gudibande,Area,Female,1537.61,Area,Low,No
AG00527,Karnataka,Gudibande,Area,Institution,1.12,Area,Low,No
AG00528,Karnataka,Gudibande,Area,Total,7459.65,Area,Low,No
AG00529,Karnataka,Gulbarga,Numbers,Male,50124.0,Count,High,No
AG00530,Karnataka,Gulbarga,Numbers,Female,12834.0,Count,Medium,No
AG00531,Karnataka,Gulbarga,Numbers,Institution,23.0,Count,Low,No
AG00532,Karnataka,Gulbarga,Numbers,Total,62981.0,Count,High,No
AG00533,Karnataka,Gulbarga,Area,Male,121081.02,Area,High,No
AG00534,Karnataka,Gulbarga,Area,Female,28498.99,Area,Medium,No
AG00535,Karnataka,Gulbarga,Area,Institution,194.97,Area,Low,No
AG00536,Karnataka,Gulbarga,Area,Total,149774.98,Area,High,No
AG00537,Karnataka,Guledagudda,Numbers,Male,0.0,Count,Zero,Yes
AG00538,Karnataka,Guledagudda,Numbers,Female,0.0,Count,Zero,Yes
AG00539,Karnataka,Guledagudda,Numbers,Institution,0.0,Count,Zero,Yes
AG00540,Karnataka,Guledagudda,Numbers,Total,0.0,Count,Zero,Yes
AG00541,Karnataka,Guledagudda,Area,Male,0.0,Area,Zero,Yes
AG00542,Karnataka,Guledagudda,Area,Female,0.0,Area,Zero,Yes
AG00543,Karnataka,Guledagudda,Area,Institution,0.0,Area,Zero,Yes
AG00544,Karnataka,Guledagudda,Area,Total,0.0,Area,Zero,Yes
AG00545,Karnataka,Gundlupet,Numbers,Male,40491.0,Count,Medium,No
AG00546,Karnataka,Gundlupet,Numbers,Female,10346.0,Count,Medium,No
AG00547,Karnataka,Gundlupet,Numbers,Institution,82.0,Count,Low,No
AG00548,Karnataka,Gundlupet,Numbers,Total,50919.0,Count,High,No
AG00549,Karnataka,Gundlupet,Area,Male,45738.15,Area,Medium,No
AG00550,Karnataka,Gundlupet,Area,Female,11019.39,Area,Medium,No
AG00551,Karnataka,Gundlupet,Area,Institution,223.67,Area,Low,No
AG00552,Karnataka,Gundlupet,Area,Total,56981.21,Area,High,No
AG00553,Karnataka,Gurumithakala,Numbers,Male,0.0,Count,Zero,Yes
AG00554,Karnataka,Gurumithakala,Numbers,Female,0.0,Count,Zero,Yes
AG00555,Karnataka,Gurumithakala,Numbers,Institution,0.0,Count,Zero,Yes
AG00556,Karnataka,Gurumithakala,Numbers,Total,0.0,Count,Zero,Yes
AG00557,Karnataka,Gurumithakala,Area,Male,0.0,Area,Zero,Yes
AG00558,Karnataka,Gurumithakala,Area,Female,0.0,Area,Zero,Yes
AG00559,Karnataka,Gurumithakala,Area,Institution,0.0,Area,Zero,Yes
AG00560,Karnataka,Gurumithakala,Area,Total,0.0,Area,Zero,Yes
AG00561,Karnataka,Hadagali,Numbers,Male,29816.0,Count,Medium,No
AG00562,Karnataka,Hadagali,Numbers,Female,9361.0,Count,Low,No
AG00563,Karnataka,Hadagali,Numbers,Institution,88.0,Count,Low,No
AG00564,Karnataka,Hadagali,Numbers,Total,39265.0,Count,Medium,No
AG00565,Karnataka,Hadagali,Area,Male,49040.85,Area,Medium,No
AG00566,Karnataka,Hadagali,Area,Female,15670.35,Area,Medium,No
AG00567,Karnataka,Hadagali,Area,Institution,664.74,Area,Low,No
AG00568,Karnataka,Hadagali,Area,Total,65375.94,Area,High,No
AG00569,Karnataka,Hagaribommanahalli,Numbers,Male,32145.0,Count,Medium,No
AG00570,Karnataka,Hagaribommanahalli,Numbers,Female,12170.0,Count,Medium,No
AG00571,Karnataka,Hagaribommanahalli,Numbers,Institution,75.0,Count,Low,No
AG00572,Karnataka,Hagaribommanahalli,Numbers,Total,44390.0,Count,Medium,No
AG00573,Karnataka,Hagaribommanahalli,Area,Male,40338.49,Area,Medium,No
AG00574,Karnataka,Hagaribommanahalli,Area,Female,15945.66,Area,Medium,No
AG00575,Karnataka,Hagaribommanahalli,Area,Institution,122.65,Area,Low,No
AG00576,Karnataka,Hagaribommanahalli,Area,Total,56406.8,Area,High,No
AG00577,Karnataka,Haliyal,Numbers,Male,9588.0,Count,Low,No
AG00578,Karnataka,Haliyal,Numbers,Female,1949.0,Count,Low,No
AG00579,Karnataka,Haliyal,Numbers,Institution,13.0,Count,Low,No
AG00580,Karnataka,Haliyal,Numbers,Total,11550.0,Count,Medium,No
AG00581,Karnataka,Haliyal,Area,Male,17089.85,Area,Medium,No
AG00582,Karnataka,Haliyal,Area,Female,3473.44,Area,Low,No
AG00583,Karnataka,Haliyal,Area,Institution,28.26,Area,Low,No
AG00584,Karnataka,Haliyal,Area,Total,20591.55,Area,Medium,No
AG00585,Karnataka,Hangal,Numbers,Male,33550.0,Count,Medium,No
AG00586,Karnataka,Hangal,Numbers,Female,4810.0,Count,Low,No
AG00587,Karnataka,Hangal,Numbers,Institution,25.0,Count,Low,No
AG00588,Karnataka,Hangal,Numbers,Total,38385.0,Count,Medium,No
AG00589,Karnataka,Hangal,Area,Male,48806.39,Area,Medium,No
AG00590,Karnataka,Hangal,Area,Female,6522.09,Area,Low,No
AG00591,Karnataka,Hangal,Area,Institution,61.74,Area,Low,No
AG00592,Karnataka,Hangal,Area,Total,55390.22,Area,High,No
AG00593,Karnataka,Harapanahalli,Numbers,Male,46825.0,Count,Medium,No
AG00594,Karnataka,Harapanahalli,Numbers,Female,12951.0,Count,Medium,No
AG00595,Karnataka,Harapanahalli,Numbers,Institution,108.0,Count,Low,No
AG00596,Karnataka,Harapanahalli,Numbers,Total,59884.0,Count,High,No
AG00597,Karnataka,Harapanahalli,Area,Male,75426.61,Area,High,No
AG00598,Karnataka,Harapanahalli,Area,Female,19915.37,Area,Medium,No
AG00599,Karnataka,Harapanahalli,Area,Institution,397.71,Area,Low,No
AG00600,Karnataka,Harapanahalli,Area,Total,95739.69,Area,High,No
AG00601,Karnataka,Harihar,Numbers,Male,25495.0,Count,Medium,No
AG00602,Karnataka,Harihar,Numbers,Female,5976.0,Count,Low,No
AG00603,Karnataka,Harihar,Numbers,Institution,204.0,Count,Low,No
AG00604,Karnataka,Harihar,Numbers,Total,31675.0,Count,Medium,No
AG00605,Karnataka,Harihar,Area,Male,32824.68,Area,Medium,No
AG00606,Karnataka,Harihar,Area,Female,6918.75,Area,Low,No
AG00607,Karnataka,Harihar,Area,Institution,730.22,Area,Low,No
AG00608,Karnataka,Harihar,Area,Total,40473.65,Area,Medium,No
AG00609,Karnataka,Hassan,Numbers,Male,81500.0,Count,High,No
AG00610,Karnataka,Hassan,Numbers,Female,21568.0,Count,Medium,No
AG00611,Karnataka,Hassan,Numbers,Institution,358.0,Count,Low,No
AG00612,Karnataka,Hassan,Numbers,Total,103426.0,Count,High,No
AG00613,Karnataka,Hassan,Area,Male,49414.49,Area,Medium,No
AG00614,Karnataka,Hassan,Area,Female,12068.92,Area,Medium,No
AG00615,Karnataka,Hassan,Area,Institution,783.91,Area,Low,No
AG00616,Karnataka,Hassan,Area,Total,62267.32,Area,High,No
AG00617,Karnataka,Haveri,Numbers,Male,32147.0,Count,Medium,No
AG00618,Karnataka,Haveri,Numbers,Female,3594.0,Count,Low,No
AG00619,Karnataka,Haveri,Numbers,Institution,29.0,Count,Low,No
AG00620,Karnataka,Haveri,Numbers,Total,35770.0,Count,Medium,No
AG00621,Karnataka,Haveri,Area,Male,58695.82,Area,High,No
AG00622,Karnataka,Haveri,Area,Female,5831.87,Area,Low,No
AG00623,Karnataka,Haveri,Area,Institution,154.62,Area,Low,No
AG00624,Karnataka,Haveri,Area,Total,64682.31,Area,High,No
AG00625,Karnataka,Hebri,Numbers,Male,4990.0,Count,Low,No
AG00626,Karnataka,Hebri,Numbers,Female,4105.0,Count,Low,No
AG00627,Karnataka,Hebri,Numbers,Institution,20.0,Count,Low,No
AG00628,Karnataka,Hebri,Numbers,Total,9115.0,Count,Low,No
AG00629,Karnataka,Hebri,Area,Male,6033.0,Area,Low,No
AG00630,Karnataka,Hebri,Area,Female,5188.0,Area,Low,No
AG00631,Karnataka,Hebri,Area,Institution,602.0,Area,Low,No
AG00632,Karnataka,Hebri,Area,Total,11823.0,Area,Medium,No
AG00633,Karnataka,Heggadadevanakote,Numbers,Male,38729.0,Count,Medium,No
AG00634,Karnataka,Heggadadevanakote,Numbers,Female,14037.0,Count,Medium,No
AG00635,Karnataka,Heggadadevanakote,Numbers,Institution,33.0,Count,Low,No
AG00636,Karnataka,Heggadadevanakote,Numbers,Total,52799.0,Count,High,No
AG00637,Karnataka,Heggadadevanakote,Area,Male,33811.87,Area,Medium,No
AG00638,Karnataka,Heggadadevanakote,Area,Female,12145.1,Area,Medium,No
AG00639,Karnataka,Heggadadevanakote,Area,Institution,32.33,Area,Low,No
AG00640,Karnataka,Heggadadevanakote,Area,Total,45989.3,Area,Medium,No
AG00641,Karnataka,Hirekerur,Numbers,Male,39240.0,Count,Medium,No
AG00642,Karnataka,Hirekerur,Numbers,Female,3877.0,Count,Low,No
AG00643,Karnataka,Hirekerur,Numbers,Institution,101.0,Count,Low,No
AG00644,Karnataka,Hirekerur,Numbers,Total,43218.0,Count,Medium,No
AG00645,Karnataka,Hirekerur,Area,Male,53272.34,Area,High,No
AG00646,Karnataka,Hirekerur,Area,Female,4548.23,Area,Low,No
AG00647,Karnataka,Hirekerur,Area,Institution,378.77,Area,Low,No
AG00648,Karnataka,Hirekerur,Area,Total,58199.34,Area,High,No
AG00649,Karnataka,Hiriyur,Numbers,Male,41130.0,Count,Medium,No
AG00650,Karnataka,Hiriyur,Numbers,Female,14428.0,Count,Medium,No
AG00651,Karnataka,Hiriyur,Numbers,Institution,187.0,Count,Low,No
AG00652,Karnataka,Hiriyur,Numbers,Total,55745.0,Count,High,No
AG00653,Karnataka,Hiriyur,Area,Male,88089.49,Area,High,No
AG00654,Karnataka,Hiriyur,Area,Female,29396.48,Area,Medium,No
AG00655,Karnataka,Hiriyur,Area,Institution,564.12,Area,Low,No
AG00656,Karnataka,Hiriyur,Area,Total,118050.09,Area,High,No
AG00657,Karnataka,Holalkere,Numbers,Male,37672.0,Count,Medium,No
AG00658,Karnataka,Holalkere,Numbers,Female,10804.0,Count,Medium,No
AG00659,Karnataka,Holalkere,Numbers,Institution,232.0,Count,Low,No
AG00660,Karnataka,Holalkere,Numbers,Total,48708.0,Count,Medium,No
AG00661,Karnataka,Holalkere,Area,Male,52401.36,Area,High,No
AG00662,Karnataka,Holalkere,Area,Female,14115.13,Area,Medium,No
AG00663,Karnataka,Holalkere,Area,Institution,1915.98,Area,Low,No
AG00664,Karnataka,Holalkere,Area,Total,68432.47,Area,High,No
AG00665,Karnataka,Holenarasipura,Numbers,Male,41617.0,Count,Medium,No
AG00666,Karnataka,Holenarasipura,Numbers,Female,10286.0,Count,Medium,No
AG00667,Karnataka,Holenarasipura,Numbers,Institution,75.0,Count,Low,No
AG00668,Karnataka,Holenarasipura,Numbers,Total,51978.0,Count,High,No
AG00669,Karnataka,Holenarasipura,Area,Male,30935.26,Area,Medium,No
AG00670,Karnataka,Holenarasipura,Area,Female,6831.65,Area,Low,No
AG00671,Karnataka,Holenarasipura,Area,Institution,294.14,Area,Low,No
AG00672,Karnataka,Holenarasipura,Area,Total,38061.05,Area,Medium,No
AG00673,Karnataka,Honnali,Numbers,Male,33845.0,Count,Medium,No
AG00674,Karnataka,Honnali,Numbers,Female,10459.0,Count,Medium,No
AG00675,Karnataka,Honnali,Numbers,Institution,117.0,Count,Low,No
AG00676,Karnataka,Honnali,Numbers,Total,44421.0,Count,Medium,No
AG00677,Karnataka,Honnali,Area,Male,42724.85,Area,Medium,No
AG00678,Karnataka,Honnali,Area,Female,13068.64,Area,Medium,No
AG00679,Karnataka,Honnali,Area,Institution,200.48,Area,Low,No
AG00680,Karnataka,Honnali,Area,Total,55993.97,Area,High,No
AG00681,Karnataka,Honnavar,Numbers,Male,21728.0,Count,Medium,No
AG00682,Karnataka,Honnavar,Numbers,Female,5387.0,Count,Low,No
AG00683,Karnataka,Honnavar,Numbers,Institution,184.0,Count,Low,No
AG00684,Karnataka,Honnavar,Numbers,Total,27299.0,Count,Medium,No
AG00685,Karnataka,Honnavar,Area,Male,10246.58,Area,Medium,No
AG00686,Karnataka,Honnavar,Area,Female,2040.11,Area,Low,No
AG00687,Karnataka,Honnavar,Area,Institution,84.66,Area,Low,No
AG00688,Karnataka,Honnavar,Area,Total,12371.35,Area,Medium,No
AG00689,Karnataka,Hosadurga,Numbers,Male,42721.0,Count,Medium,No
AG00690,Karnataka,Hosadurga,Numbers,Female,9441.0,Count,Low,No
AG00691,Karnataka,Hosadurga,Numbers,Institution,116.0,Count,Low,No
AG00692,Karnataka,Hosadurga,Numbers,Total,52278.0,Count,High,No
AG00693,Karnataka,Hosadurga,Area,Male,61984.22,Area,High,No
AG00694,Karnataka,Hosadurga,Area,Female,12542.28,Area,Medium,No
AG00695,Karnataka,Hosadurga,Area,Institution,513.35,Area,Low,No
AG00696,Karnataka,Hosadurga,Area,Total,75039.85,Area,High,No
AG00697,Karnataka,Hosanagar,Numbers,Male,13612.0,Count,Medium,No
AG00698,Karnataka,Hosanagar,Numbers,Female,4418.0,Count,Low,No
AG00699,Karnataka,Hosanagar,Numbers,Institution,13.0,Count,Low,No
AG00700,Karnataka,Hosanagar,Numbers,Total,18043.0,Count,Medium,No
AG00701,Karnataka,Hosanagar,Area,Male,16902.74,Area,Medium,No
AG00702,Karnataka,Hosanagar,Area,Female,5464.32,Area,Low,No
AG00703,Karnataka,Hosanagar,Area,Institution,20.72,Area,Low,No
AG00704,Karnataka,Hosanagar,Area,Total,22387.78,Area,Medium,No
AG00705,Karnataka,Hoskote,Numbers,Male,40279.0,Count,Medium,No
AG00706,Karnataka,Hoskote,Numbers,Female,9236.0,Count,Low,No
AG00707,Karnataka,Hoskote,Numbers,Institution,71.0,Count,Low,No
AG00708,Karnataka,Hoskote,Numbers,Total,49586.0,Count,Medium,No
AG00709,Karnataka,Hoskote,Area,Male,30101.81,Area,Medium,No
AG00710,Karnataka,Hoskote,Area,Female,5600.67,Area,Low,No
AG00711,Karnataka,Hoskote,Area,Institution,68.5,Area,Low,No
AG00712,Karnataka,Hoskote,Area,Total,35770.98,Area,Medium,No
AG00713,Karnataka,Hospet,Numbers,Male,15403.0,Count,Medium,No
AG00714,Karnataka,Hospet,Numbers,Female,5301.0,Count,Low,No
AG00715,Karnataka,Hospet,Numbers,Institution,75.0,Count,Low,No
AG00716,Karnataka,Hospet,Numbers,Total,20779.0,Count,Medium,No
AG00717,Karnataka,Hospet,Area,Male,16982.94,Area,Medium,No
AG00718,Karnataka,Hospet,Area,Female,5414.89,Area,Low,No
AG00719,Karnataka,Hospet,Area,Institution,187.29,Area,Low,No
AG00720,Karnataka,Hospet,Area,Total,22585.12,Area,Medium,No
AG00721,Karnataka,Hubballi Nagara,Numbers,Male,0.0,Count,Zero,Yes
AG00722,Karnataka,Hubballi Nagara,Numbers,Female,0.0,Count,Zero,Yes
AG00723,Karnataka,Hubballi Nagara,Numbers,Institution,0.0,Count,Zero,Yes
AG00724,Karnataka,Hubballi Nagara,Numbers,Total,0.0,Count,Zero,Yes
AG00725,Karnataka,Hubballi Nagara,Area,Male,0.0,Area,Zero,Yes
AG00726,Karnataka,Hubballi Nagara,Area,Female,0.0,Area,Zero,Yes
AG00727,Karnataka,Hubballi Nagara,Area,Institution,0.0,Area,Zero,Yes
AG00728,Karnataka,Hubballi Nagara,Area,Total,0.0,Area,Zero,Yes
AG00729,Karnataka,Hubli,Numbers,Male,24637.0,Count,Medium,No
AG00730,Karnataka,Hubli,Numbers,Female,5154.0,Count,Low,No
AG00731,Karnataka,Hubli,Numbers,Institution,38.0,Count,Low,No
AG00732,Karnataka,Hubli,Numbers,Total,29829.0,Count,Medium,No
AG00733,Karnataka,Hubli,Area,Male,50967.22,Area,High,No
AG00734,Karnataka,Hubli,Area,Female,9884.22,Area,Low,No
AG00735,Karnataka,Hubli,Area,Institution,160.1,Area,Low,No
AG00736,Karnataka,Hubli,Area,Total,61011.54,Area,High,No
AG00737,Karnataka,Hukkeri,Numbers,Male,50069.0,Count,High,No
AG00738,Karnataka,Hukkeri,Numbers,Female,3998.0,Count,Low,No
AG00739,Karnataka,Hukkeri,Numbers,Institution,58.0,Count,Low,No
AG00740,Karnataka,Hukkeri,Numbers,Total,54125.0,Count,High,No
AG00741,Karnataka,Hukkeri,Area,Male,63738.0,Area,High,No
AG00742,Karnataka,Hukkeri,Area,Female,4690.0,Area,Low,No
AG00743,Karnataka,Hukkeri,Area,Institution,395.0,Area,Low,No
AG00744,Karnataka,Hukkeri,Area,Total,68823.0,Area,High,No
AG00745,Karnataka,Hulasuru,Numbers,Male,0.0,Count,Zero,Yes
AG00746,Karnataka,Hulasuru,Numbers,Female,0.0,Count,Zero,Yes
AG00747,Karnataka,Hulasuru,Numbers,Institution,0.0,Count,Zero,Yes
AG00748,Karnataka,Hulasuru,Numbers,Total,0.0,Count,Zero,Yes
AG00749,Karnataka,Hulasuru,Area,Male,0.0,Area,Zero,Yes
AG00750,Karnataka,Hulasuru,Area,Female,0.0,Area,Zero,Yes
AG00751,Karnataka,Hulasuru,Area,Institution,0.0,Area,Zero,Yes
AG00752,Karnataka,Hulasuru,Area,Total,0.0,Area,Zero,Yes
AG00753,Karnataka,Humnabad,Numbers,Male,34951.0,Count,Medium,No
AG00754,Karnataka,Humnabad,Numbers,Female,9849.0,Count,Low,No
AG00755,Karnataka,Humnabad,Numbers,Institution,63.0,Count,Low,No
AG00756,Karnataka,Humnabad,Numbers,Total,44863.0,Count,Medium,No
AG00757,Karnataka,Humnabad,Area,Male,58556.12,Area,High,No
AG00758,Karnataka,Humnabad,Area,Female,15823.13,Area,Medium,No
AG00759,Karnataka,Humnabad,Area,Institution,99.2,Area,Low,No
AG00760,Karnataka,Humnabad,Area,Total,74478.45,Area,High,No
AG00761,Karnataka,Hungund,Numbers,Male,38529.0,Count,Medium,No
AG00762,Karnataka,Hungund,Numbers,Female,10302.0,Count,Medium,No
AG00763,Karnataka,Hungund,Numbers,Institution,24.0,Count,Low,No
AG00764,Karnataka,Hungund,Numbers,Total,48855.0,Count,Medium,No
AG00765,Karnataka,Hungund,Area,Male,83569.08,Area,High,No
AG00766,Karnataka,Hungund,Area,Female,21400.84,Area,Medium,No
AG00767,Karnataka,Hungund,Area,Institution,62.92,Area,Low,No
AG00768,Karnataka,Hungund,Area,Total,105032.84,Area,High,No
AG00769,Karnataka,Hunisigi,Numbers,Male,0.0,Count,Zero,Yes
AG00770,Karnataka,Hunisigi,Numbers,Female,0.0,Count,Zero,Yes
AG00771,Karnataka,Hunisigi,Numbers,Institution,0.0,Count,Zero,Yes
AG00772,Karnataka,Hunisigi,Numbers,Total,0.0,Count,Zero,Yes
AG00773,Karnataka,Hunisigi,Area,Male,0.0,Area,Zero,Yes
AG00774,Karnataka,Hunisigi,Area,Female,0.0,Area,Zero,Yes
AG00775,Karnataka,Hunisigi,Area,Institution,0.0,Area,Zero,Yes
AG00776,Karnataka,Hunisigi,Area,Total,0.0,Area,Zero,Yes
AG00777,Karnataka,Hunsur,Numbers,Male,43508.0,Count,Medium,No
AG00778,Karnataka,Hunsur,Numbers,Female,14738.0,Count,Medium,No
AG00779,Karnataka,Hunsur,Numbers,Institution,40.0,Count,Low,No
AG00780,Karnataka,Hunsur,Numbers,Total,58286.0,Count,High,No
AG00781,Karnataka,Hunsur,Area,Male,41698.27,Area,Medium,No
AG00782,Karnataka,Hunsur,Area,Female,13908.94,Area,Medium,No
AG00783,Karnataka,Hunsur,Area,Institution,171.87,Area,Low,No
AG00784,Karnataka,Hunsur,Area,Total,55779.08,Area,High,No
AG00785,Karnataka,Ilkal,Numbers,Male,0.0,Count,Zero,Yes
AG00786,Karnataka,Ilkal,Numbers,Female,0.0,Count,Zero,Yes
AG00787,Karnataka,Ilkal,Numbers,Institution,0.0,Count,Zero,Yes
AG00788,Karnataka,Ilkal,Numbers,Total,0.0,Count,Zero,Yes
AG00789,Karnataka,Ilkal,Area,Male,0.0,Area,Zero,Yes
AG00790,Karnataka,Ilkal,Area,Female,0.0,Area,Zero,Yes
AG00791,Karnataka,Ilkal,Area,Institution,0.0,Area,Zero,Yes
AG00792,Karnataka,Ilkal,Area,Total,0.0,Area,Zero,Yes
AG00793,Karnataka,Indi,Numbers,Male,72171.0,Count,High,No
AG00794,Karnataka,Indi,Numbers,Female,10670.0,Count,Medium,No
AG00795,Karnataka,Indi,Numbers,Institution,32.0,Count,Low,No
AG00796,Karnataka,Indi,Numbers,Total,82873.0,Count,High,No
AG00797,Karnataka,Indi,Area,Male,178301.29,Area,High,No
AG00798,Karnataka,Indi,Area,Female,23516.91,Area,Medium,No
AG00799,Karnataka,Indi,Area,Institution,210.47,Area,Low,No
AG00800,Karnataka,Indi,Area,Total,202028.67,Area,High,No
AG00801,Karnataka,Jagaluru,Numbers,Male,28815.0,Count,Medium,No
AG00802,Karnataka,Jagaluru,Numbers,Female,9546.0,Count,Low,No
AG00803,Karnataka,Jagaluru,Numbers,Institution,111.0,Count,Low,No
AG00804,Karnataka,Jagaluru,Numbers,Total,38472.0,Count,Medium,No
AG00805,Karnataka,Jagaluru,Area,Male,49692.44,Area,Medium,No
AG00806,Karnataka,Jagaluru,Area,Female,16209.68,Area,Medium,No
AG00807,Karnataka,Jagaluru,Area,Institution,282.93,Area,Low,No
AG00808,Karnataka,Jagaluru,Area,Total,66185.05,Area,High,No
AG00809,Karnataka,Jamakhandi,Numbers,Male,49006.0,Count,Medium,No
AG00810,Karnataka,Jamakhandi,Numbers,Female,7125.0,Count,Low,No
AG00811,Karnataka,Jamakhandi,Numbers,Institution,25.0,Count,Low,No
AG00812,Karnataka,Jamakhandi,Numbers,Total,56156.0,Count,High,No
AG00813,Karnataka,Jamakhandi,Area,Male,80014.35,Area,High,No
AG00814,Karnataka,Jamakhandi,Area,Female,10441.14,Area,Medium,No
AG00815,Karnataka,Jamakhandi,Area,Institution,131.92,Area,Low,No
AG00816,Karnataka,Jamakhandi,Area,Total,90587.41,Area,High,No
AG00817,Karnataka,Jevargi,Numbers,Male,54761.0,Count,High,No
AG00818,Karnataka,Jevargi,Numbers,Female,18849.0,Count,Medium,No
AG00819,Karnataka,Jevargi,Numbers,Institution,26.0,Count,Low,No
AG00820,Karnataka,Jevargi,Numbers,Total,73636.0,Count,High,No
AG00821,Karnataka,Jevargi,Area,Male,124077.15,Area,High,No
AG00822,Karnataka,Jevargi,Area,Female,38655.71,Area,Medium,No
AG00823,Karnataka,Jevargi,Area,Institution,93.93,Area,Low,No
AG00824,Karnataka,Jevargi,Area,Total,162826.79,Area,High,No
AG00825,Karnataka,Joida,Numbers,Male,4425.0,Count,Low,No
AG00826,Karnataka,Joida,Numbers,Female,1165.0,Count,Low,No
AG00827,Karnataka,Joida,Numbers,Institution,6.0,Count,Low,No
AG00828,Karnataka,Joida,Numbers,Total,5596.0,Count,Low,No
AG00829,Karnataka,Joida,Area,Male,6936.29,Area,Low,No
AG00830,Karnataka,Joida,Area,Female,1630.73,Area,Low,No
AG00831,Karnataka,Joida,Area,Institution,4.53,Area,Low,No
AG00832,Karnataka,Joida,Area,Total,8571.55,Area,Low,No
AG00833,Karnataka,K.G.F,Numbers,Male,30431.0,Count,Medium,No
AG00834,Karnataka,K.G.F,Numbers,Female,5646.0,Count,Low,No
AG00835,Karnataka,K.G.F,Numbers,Institution,36.0,Count,Low,No
AG00836,Karnataka,K.G.F,Numbers,Total,36113.0,Count,Medium,No
AG00837,Karnataka,K.G.F,Area,Male,22461.54,Area,Medium,No
AG00838,Karnataka,K.G.F,Area,Female,4599.93,Area,Low,No
AG00839,Karnataka,K.G.F,Area,Institution,54.51,Area,Low,No
AG00840,Karnataka,K.G.F,Area,Total,27115.98,Area,Medium,No
AG00841,Karnataka,K.R.Nagar,Numbers,Male,53639.0,Count,High,No
AG00842,Karnataka,K.R.Nagar,Numbers,Female,15015.0,Count,Medium,No
AG00843,Karnataka,K.R.Nagar,Numbers,Institution,64.0,Count,Low,No
AG00844,Karnataka,K.R.Nagar,Numbers,Total,68718.0,Count,High,No
AG00845,Karnataka,K.R.Nagar,Area,Male,32623.12,Area,Medium,No
AG00846,Karnataka,K.R.Nagar,Area,Female,8931.16,Area,Low,No
AG00847,Karnataka,K.R.Nagar,Area,Institution,65.72,Area,Low,No
AG00848,Karnataka,K.R.Nagar,Area,Total,41620.0,Area,Medium,No
AG00849,Karnataka,Kadaba,Numbers,Male,13091.0,Count,Medium,No
AG00850,Karnataka,Kadaba,Numbers,Female,5938.0,Count,Low,No
AG00851,Karnataka,Kadaba,Numbers,Institution,62.0,Count,Low,No
AG00852,Karnataka,Kadaba,Numbers,Total,19091.0,Count,Medium,No
AG00853,Karnataka,Kadaba,Area,Male,10054.92,Area,Medium,No
AG00854,Karnataka,Kadaba,Area,Female,4401.89,Area,Low,No
AG00855,Karnataka,Kadaba,Area,Institution,77.78,Area,Low,No
AG00856,Karnataka,Kadaba,Area,Total,14534.59,Area,Medium,No
AG00857,Karnataka,Kadur,Numbers,Male,64955.0,Count,High,No
AG00858,Karnataka,Kadur,Numbers,Female,12002.0,Count,Medium,No
AG00859,Karnataka,Kadur,Numbers,Institution,421.0,Count,Low,No
AG00860,Karnataka,Kadur,Numbers,Total,77378.0,Count,High,No
AG00861,Karnataka,Kadur,Area,Male,80860.13,Area,High,No
AG00862,Karnataka,Kadur,Area,Female,13811.73,Area,Medium,No
AG00863,Karnataka,Kadur,Area,Institution,928.58,Area,Low,No
AG00864,Karnataka,Kadur,Area,Total,95600.44,Area,High,No
AG00865,Karnataka,Kagavada,Numbers,Male,0.0,Count,Zero,Yes
AG00866,Karnataka,Kagavada,Numbers,Female,0.0,Count,Zero,Yes
AG00867,Karnataka,Kagavada,Numbers,Institution,0.0,Count,Zero,Yes
AG00868,Karnataka,Kagavada,Numbers,Total,0.0,Count,Zero,Yes
AG00869,Karnataka,Kagavada,Area,Male,0.0,Area,Zero,Yes
AG00870,Karnataka,Kagavada,Area,Female,0.0,Area,Zero,Yes
AG00871,Karnataka,Kagavada,Area,Institution,0.0,Area,Zero,Yes
AG00872,Karnataka,Kagavada,Area,Total,0.0,Area,Zero,Yes
AG00873,Karnataka,Kalagi,Numbers,Male,0.0,Count,Zero,Yes
AG00874,Karnataka,Kalagi,Numbers,Female,0.0,Count,Zero,Yes
AG00875,Karnataka,Kalagi,Numbers,Institution,0.0,Count,Zero,Yes
AG00876,Karnataka,Kalagi,Numbers,Total,0.0,Count,Zero,Yes
AG00877,Karnataka,Kalagi,Area,Male,0.0,Area,Zero,Yes
AG00878,Karnataka,Kalagi,Area,Female,0.0,Area,Zero,Yes
AG00879,Karnataka,Kalagi,Area,Institution,0.0,Area,Zero,Yes
AG00880,Karnataka,Kalagi,Area,Total,0.0,Area,Zero,Yes
AG00881,Karnataka,Kalgatgi,Numbers,Male,20096.0,Count,Medium,No
AG00882,Karnataka,Kalgatgi,Numbers,Female,3854.0,Count,Low,No
AG00883,Karnataka,Kalgatgi,Numbers,Institution,34.0,Count,Low,No
AG00884,Karnataka,Kalgatgi,Numbers,Total,23984.0,Count,Medium,No
AG00885,Karnataka,Kalgatgi,Area,Male,35811.9,Area,Medium,No
AG00886,Karnataka,Kalgatgi,Area,Female,6430.1,Area,Low,No
AG00887,Karnataka,Kalgatgi,Area,Institution,360.97,Area,Low,No
AG00888,Karnataka,Kalgatgi,Area,Total,42602.97,Area,Medium,No
AG00889,Karnataka,Kamalanagara,Numbers,Male,0.0,Count,Zero,Yes
AG00890,Karnataka,Kamalanagara,Numbers,Female,0.0,Count,Zero,Yes
AG00891,Karnataka,Kamalanagara,Numbers,Institution,0.0,Count,Zero,Yes
AG00892,Karnataka,Kamalanagara,Numbers,Total,0.0,Count,Zero,Yes
AG00893,Karnataka,Kamalanagara,Area,Male,0.0,Area,Zero,Yes
AG00894,Karnataka,Kamalanagara,Area,Female,0.0,Area,Zero,Yes
AG00895,Karnataka,Kamalanagara,Area,Institution,0.0,Area,Zero,Yes
AG00896,Karnataka,Kamalanagara,Area,Total,0.0,Area,Zero,Yes
AG00897,Karnataka,Kamalapura,Numbers,Male,0.0,Count,Zero,Yes
AG00898,Karnataka,Kamalapura,Numbers,Female,0.0,Count,Zero,Yes
AG00899,Karnataka,Kamalapura,Numbers,Institution,0.0,Count,Zero,Yes
AG00900,Karnataka,Kamalapura,Numbers,Total,0.0,Count,Zero,Yes
AG00901,Karnataka,Kamalapura,Area,Male,0.0,Area,Zero,Yes
AG00902,Karnataka,Kamalapura,Area,Female,0.0,Area,Zero,Yes
AG00903,Karnataka,Kamalapura,Area,Institution,0.0,Area,Zero,Yes
AG00904,Karnataka,Kamalapura,Area,Total,0.0,Area,Zero,Yes
AG00905,Karnataka,Kampli,Numbers,Male,14326.0,Count,Medium,No
AG00906,Karnataka,Kampli,Numbers,Female,4600.0,Count,Low,No
AG00907,Karnataka,Kampli,Numbers,Institution,24.0,Count,Low,No
AG00908,Karnataka,Kampli,Numbers,Total,18950.0,Count,Medium,No
AG00909,Karnataka,Kampli,Area,Male,20656.61,Area,Medium,No
AG00910,Karnataka,Kampli,Area,Female,6719.74,Area,Low,No
AG00911,Karnataka,Kampli,Area,Institution,56.67,Area,Low,No
AG00912,Karnataka,Kampli,Area,Total,27433.02,Area,Medium,No
AG00913,Karnataka,Kanakagiri,Numbers,Male,0.0,Count,Zero,Yes
AG00914,Karnataka,Kanakagiri,Numbers,Female,0.0,Count,Zero,Yes
AG00915,Karnataka,Kanakagiri,Numbers,Institution,0.0,Count,Zero,Yes
AG00916,Karnataka,Kanakagiri,Numbers,Total,0.0,Count,Zero,Yes
AG00917,Karnataka,Kanakagiri,Area,Male,0.0,Area,Zero,Yes
AG00918,Karnataka,Kanakagiri,Area,Female,0.0,Area,Zero,Yes
AG00919,Karnataka,Kanakagiri,Area,Institution,0.0,Area,Zero,Yes
AG00920,Karnataka,Kanakagiri,Area,Total,0.0,Area,Zero,Yes
AG00921,Karnataka,Kanakpura,Numbers,Male,75189.0,Count,High,No
AG00922,Karnataka,Kanakpura,Numbers,Female,20843.0,Count,Medium,No
AG00923,Karnataka,Kanakpura,Numbers,Institution,30.0,Count,Low,No
AG00924,Karnataka,Kanakpura,Numbers,Total,96062.0,Count,High,No
AG00925,Karnataka,Kanakpura,Area,Male,53509.7,Area,High,No
AG00926,Karnataka,Kanakpura,Area,Female,14436.69,Area,Medium,No
AG00927,Karnataka,Kanakpura,Area,Institution,58.51,Area,Low,No
AG00928,Karnataka,Kanakpura,Area,Total,68004.9,Area,High,No
AG00929,Karnataka,Kapu,Numbers,Male,9616.0,Count,Low,No
AG00930,Karnataka,Kapu,Numbers,Female,7796.0,Count,Low,No
AG00931,Karnataka,Kapu,Numbers,Institution,78.0,Count,Low,No
AG00932,Karnataka,Kapu,Numbers,Total,17490.0,Count,Medium,No
AG00933,Karnataka,Kapu,Area,Male,4912.0,Area,Low,No
AG00934,Karnataka,Kapu,Area,Female,5052.0,Area,Low,No
AG00935,Karnataka,Kapu,Area,Institution,143.0,Area,Low,No
AG00936,Karnataka,Kapu,Area,Total,10107.0,Area,Medium,No
AG00937,Karnataka,Karatagi,Numbers,Male,0.0,Count,Zero,Yes
AG00938,Karnataka,Karatagi,Numbers,Female,0.0,Count,Zero,Yes
AG00939,Karnataka,Karatagi,Numbers,Institution,0.0,Count,Zero,Yes
AG00940,Karnataka,Karatagi,Numbers,Total,0.0,Count,Zero,Yes
AG00941,Karnataka,Karatagi,Area,Male,0.0,Area,Zero,Yes
AG00942,Karnataka,Karatagi,Area,Female,0.0,Area,Zero,Yes
AG00943,Karnataka,Karatagi,Area,Institution,0.0,Area,Zero,Yes
AG00944,Karnataka,Karatagi,Area,Total,0.0,Area,Zero,Yes
AG00945,Karnataka,Karkala,Numbers,Male,18692.0,Count,Medium,No
AG00946,Karnataka,Karkala,Numbers,Female,14489.0,Count,Medium,No
AG00947,Karnataka,Karkala,Numbers,Institution,145.0,Count,Low,No
AG00948,Karnataka,Karkala,Numbers,Total,33326.0,Count,Medium,No
AG00949,Karnataka,Karkala,Area,Male,17916.0,Area,Medium,No
AG00950,Karnataka,Karkala,Area,Female,14214.0,Area,Medium,No
AG00951,Karnataka,Karkala,Area,Institution,423.0,Area,Low,No
AG00952,Karnataka,Karkala,Area,Total,32553.0,Area,Medium,No
AG00953,Karnataka,Karwar,Numbers,Male,16940.0,Count,Medium,No
AG00954,Karnataka,Karwar,Numbers,Female,7471.0,Count,Low,No
AG00955,Karnataka,Karwar,Numbers,Institution,53.0,Count,Low,No
AG00956,Karnataka,Karwar,Numbers,Total,24464.0,Count,Medium,No
AG00957,Karnataka,Karwar,Area,Male,6420.96,Area,Low,No
AG00958,Karnataka,Karwar,Area,Female,2335.41,Area,Low,No
AG00959,Karnataka,Karwar,Area,Institution,12.97,Area,Low,No
AG00960,Karnataka,Karwar,Area,Total,8769.34,Area,Low,No
AG00961,Karnataka,Khanapur,Numbers,Male,34900.0,Count,Medium,No
AG00962,Karnataka,Khanapur,Numbers,Female,3076.0,Count,Low,No
AG00963,Karnataka,Khanapur,Numbers,Institution,177.0,Count,Low,No
AG00964,Karnataka,Khanapur,Numbers,Total,38153.0,Count,Medium,No
AG00965,Karnataka,Khanapur,Area,Male,64535.0,Area,High,No
AG00966,Karnataka,Khanapur,Area,Female,5230.0,Area,Low,No
AG00967,Karnataka,Khanapur,Area,Institution,770.0,Area,Low,No
AG00968,Karnataka,Khanapur,Area,Total,70535.0,Area,High,No
AG00969,Karnataka,Kitthuru,Numbers,Male,0.0,Count,Zero,Yes
AG00970,Karnataka,Kitthuru,Numbers,Female,0.0,Count,Zero,Yes
AG00971,Karnataka,Kitthuru,Numbers,Institution,0.0,Count,Zero,Yes
AG00972,Karnataka,Kitthuru,Numbers,Total,0.0,Count,Zero,Yes
AG00973,Karnataka,Kitthuru,Area,Male,0.0,Area,Zero,Yes
AG00974,Karnataka,Kitthuru,Area,Female,0.0,Area,Zero,Yes
AG00975,Karnataka,Kitthuru,Area,Institution,0.0,Area,Zero,Yes
AG00976,Karnataka,Kitthuru,Area,Total,0.0,Area,Zero,Yes
AG00977,Karnataka,Kolar,Numbers,Male,62368.0,Count,High,No
AG00978,Karnataka,Kolar,Numbers,Female,13063.0,Count,Medium,No
AG00979,Karnataka,Kolar,Numbers,Institution,43.0,Count,Low,No
AG00980,Karnataka,Kolar,Numbers,Total,75474.0,Count,High,No
AG00981,Karnataka,Kolar,Area,Male,40932.91,Area,Medium,No
AG00982,Karnataka,Kolar,Area,Female,8054.99,Area,Low,No
AG00983,Karnataka,Kolar,Area,Institution,44.15,Area,Low,No
AG00984,Karnataka,Kolar,Area,Total,49032.05,Area,Medium,No
AG00985,Karnataka,Kolhara,Numbers,Male,0.0,Count,Zero,Yes
AG00986,Karnataka,Kolhara,Numbers,Female,0.0,Count,Zero,Yes
AG00987,Karnataka,Kolhara,Numbers,Institution,0.0,Count,Zero,Yes
AG00988,Karnataka,Kolhara,Numbers,Total,0.0,Count,Zero,Yes
AG00989,Karnataka,Kolhara,Area,Male,0.0,Area,Zero,Yes
AG00990,Karnataka,Kolhara,Area,Female,0.0,Area,Zero,Yes
AG00991,Karnataka,Kolhara,Area,Institution,0.0,Area,Zero,Yes
AG00992,Karnataka,Kolhara,Area,Total,0.0,Area,Zero,Yes
AG00993,Karnataka,Kollegala,Numbers,Male,52263.0,Count,High,No
AG00994,Karnataka,Kollegala,Numbers,Female,13982.0,Count,Medium,No
AG00995,Karnataka,Kollegala,Numbers,Institution,64.0,Count,Low,No
AG00996,Karnataka,Kollegala,Numbers,Total,66309.0,Count,High,No
AG00997,Karnataka,Kollegala,Area,Male,54690.61,Area,High,No
AG00998,Karnataka,Kollegala,Area,Female,13498.91,Area,Medium,No
AG00999,Karnataka,Kollegala,Area,Institution,250.36,Area,Low,No
AG01000,Karnataka,Kollegala,Area,Total,68439.88,Area,High,No
AG01001,Karnataka,Kollegala(Hanur),Numbers,Male,0.0,Count,Zero,Yes
AG01002,Karnataka,Kollegala(Hanur),Numbers,Female,0.0,Count,Zero,Yes
AG01003,Karnataka,Kollegala(Hanur),Numbers,Institution,0.0,Count,Zero,Yes
AG01004,Karnataka,Kollegala(Hanur),Numbers,Total,0.0,Count,Zero,Yes
AG01005,Karnataka,Kollegala(Hanur),Area,Male,0.0,Area,Zero,Yes
AG01006,Karnataka,Kollegala(Hanur),Area,Female,0.0,Area,Zero,Yes
AG01007,Karnataka,Kollegala(Hanur),Area,Institution,0.0,Area,Zero,Yes
AG01008,Karnataka,Kollegala(Hanur),Area,Total,0.0,Area,Zero,Yes
AG01009,Karnataka,Koppa,Numbers,Male,8731.0,Count,Low,No
AG01010,Karnataka,Koppa,Numbers,Female,2928.0,Count,Low,No
AG01011,Karnataka,Koppa,Numbers,Institution,173.0,Count,Low,No
AG01012,Karnataka,Koppa,Numbers,Total,11832.0,Count,Medium,No
AG01013,Karnataka,Koppa,Area,Male,12727.95,Area,Medium,No
AG01014,Karnataka,Koppa,Area,Female,4363.42,Area,Low,No
AG01015,Karnataka,Koppa,Area,Institution,3320.42,Area,Low,No
AG01016,Karnataka,Koppa,Area,Total,20411.79,Area,Medium,No
AG01017,Karnataka,Koppal,Numbers,Male,37742.0,Count,Medium,No
AG01018,Karnataka,Koppal,Numbers,Female,9317.0,Count,Low,No
AG01019,Karnataka,Koppal,Numbers,Institution,29.0,Count,Low,No
AG01020,Karnataka,Koppal,Numbers,Total,47088.0,Count,Medium,No
AG01021,Karnataka,Koppal,Area,Male,71870.11,Area,High,No
AG01022,Karnataka,Koppal,Area,Female,15596.04,Area,Medium,No
AG01023,Karnataka,Koppal,Area,Institution,174.11,Area,Low,No
AG01024,Karnataka,Koppal,Area,Total,87640.26,Area,High,No
AG01025,Karnataka,Koratagere,Numbers,Male,25361.0,Count,Medium,No
AG01026,Karnataka,Koratagere,Numbers,Female,7973.0,Count,Low,No
AG01027,Karnataka,Koratagere,Numbers,Institution,32.0,Count,Low,No
AG01028,Karnataka,Koratagere,Numbers,Total,33366.0,Count,Medium,No
AG01029,Karnataka,Koratagere,Area,Male,32846.69,Area,Medium,No
AG01030,Karnataka,Koratagere,Area,Female,9594.56,Area,Low,No
AG01031,Karnataka,Koratagere,Area,Institution,67.05,Area,Low,No
AG01032,Karnataka,Koratagere,Area,Total,42508.3,Area,Medium,No
AG01033,Karnataka,Kotturu,Numbers,Male,15341.0,Count,Medium,No
AG01034,Karnataka,Kotturu,Numbers,Female,3732.0,Count,Low,No
AG01035,Karnataka,Kotturu,Numbers,Institution,54.0,Count,Low,No
AG01036,Karnataka,Kotturu,Numbers,Total,19127.0,Count,Medium,No
AG01037,Karnataka,Kotturu,Area,Male,31036.21,Area,Medium,No
AG01038,Karnataka,Kotturu,Area,Female,7430.55,Area,Low,No
AG01039,Karnataka,Kotturu,Area,Institution,187.16,Area,Low,No
AG01040,Karnataka,Kotturu,Area,Total,38653.92,Area,Medium,No
AG01041,Karnataka,Krishnarajpet,Numbers,Male,69364.0,Count,High,No
AG01042,Karnataka,Krishnarajpet,Numbers,Female,20906.0,Count,Medium,No
AG01043,Karnataka,Krishnarajpet,Numbers,Institution,530.0,Count,Low,No
AG01044,Karnataka,Krishnarajpet,Numbers,Total,90800.0,Count,High,No
AG01045,Karnataka,Krishnarajpet,Area,Male,45850.74,Area,Medium,No
AG01046,Karnataka,Krishnarajpet,Area,Female,12511.74,Area,Medium,No
AG01047,Karnataka,Krishnarajpet,Area,Institution,700.35,Area,Low,No
AG01048,Karnataka,Krishnarajpet,Area,Total,59062.83,Area,High,No
AG01049,Karnataka,Kudligi,Numbers,Male,26655.0,Count,Medium,No
AG01050,Karnataka,Kudligi,Numbers,Female,6354.0,Count,Low,No
AG01051,Karnataka,Kudligi,Numbers,Institution,60.0,Count,Low,No
AG01052,Karnataka,Kudligi,Numbers,Total,33069.0,Count,Medium,No
AG01053,Karnataka,Kudligi,Area,Male,54782.09,Area,High,No
AG01054,Karnataka,Kudligi,Area,Female,11600.59,Area,Medium,No
AG01055,Karnataka,Kudligi,Area,Institution,143.35,Area,Low,No
AG01056,Karnataka,Kudligi,Area,Total,66526.03,Area,High,No
AG01057,Karnataka,Kukanuru,Numbers,Male,0.0,Count,Zero,Yes
AG01058,Karnataka,Kukanuru,Numbers,Female,0.0,Count,Zero,Yes
AG01059,Karnataka,Kukanuru,Numbers,Institution,0.0,Count,Zero,Yes
AG01060,Karnataka,Kukanuru,Numbers,Total,0.0,Count,Zero,Yes
AG01061,Karnataka,Kukanuru,Area,Male,0.0,Area,Zero,Yes
AG01062,Karnataka,Kukanuru,Area,Female,0.0,Area,Zero,Yes
AG01063,Karnataka,Kukanuru,Area,Institution,0.0,Area,Zero,Yes
AG01064,Karnataka,Kukanuru,Area,Total,0.0,Area,Zero,Yes
AG01065,Karnataka,Kumta,Numbers,Male,22600.0,Count,Medium,No
AG01066,Karnataka,Kumta,Numbers,Female,7046.0,Count,Low,No
AG01067,Karnataka,Kumta,Numbers,Institution,50.0,Count,Low,No
AG01068,Karnataka,Kumta,Numbers,Total,29696.0,Count,Medium,No
AG01069,Karnataka,Kumta,Area,Male,10262.94,Area,Medium,No
AG01070,Karnataka,Kumta,Area,Female,2916.75,Area,Low,No
AG01071,Karnataka,Kumta,Area,Institution,36.63,Area,Low,No
AG01072,Karnataka,Kumta,Area,Total,13216.32,Area,Medium,No
AG01073,Karnataka,Kundapur,Numbers,Male,29997.0,Count,Medium,No
AG01074,Karnataka,Kundapur,Numbers,Female,23938.0,Count,Medium,No
AG01075,Karnataka,Kundapur,Numbers,Institution,69.0,Count,Low,No
AG01076,Karnataka,Kundapur,Numbers,Total,54004.0,Count,High,No
AG01077,Karnataka,Kundapur,Area,Male,18308.0,Area,Medium,No
AG01078,Karnataka,Kundapur,Area,Female,14773.0,Area,Medium,No
AG01079,Karnataka,Kundapur,Area,Institution,55.0,Area,Low,No
AG01080,Karnataka,Kundapur,Area,Total,33136.0,Area,Medium,No
AG01081,Karnataka,Kundgol,Numbers,Male,25502.0,Count,Medium,No
AG01082,Karnataka,Kundgol,Numbers,Female,3932.0,Count,Low,No
AG01083,Karnataka,Kundgol,Numbers,Institution,30.0,Count,Low,No
AG01084,Karnataka,Kundgol,Numbers,Total,29464.0,Count,Medium,No
AG01085,Karnataka,Kundgol,Area,Male,53008.73,Area,High,No
AG01086,Karnataka,Kundgol,Area,Female,8012.38,Area,Low,No
AG01087,Karnataka,Kundgol,Area,Institution,80.6,Area,Low,No
AG01088,Karnataka,Kundgol,Area,Total,61101.71,Area,High,No
AG01089,Karnataka,Kunigal,Numbers,Male,47803.0,Count,Medium,No
AG01090,Karnataka,Kunigal,Numbers,Female,10975.0,Count,Medium,No
AG01091,Karnataka,Kunigal,Numbers,Institution,48.0,Count,Low,No
AG01092,Karnataka,Kunigal,Numbers,Total,58826.0,Count,High,No
AG01093,Karnataka,Kunigal,Area,Male,49130.07,Area,Medium,No
AG01094,Karnataka,Kunigal,Area,Female,10738.89,Area,Medium,No
AG01095,Karnataka,Kunigal,Area,Institution,100.0,Area,Low,No
AG01096,Karnataka,Kunigal,Area,Total,59968.96,Area,High,No
AG01097,Karnataka,Kurugodu,Numbers,Male,16387.0,Count,Medium,No
AG01098,Karnataka,Kurugodu,Numbers,Female,5726.0,Count,Low,No
AG01099,Karnataka,Kurugodu,Numbers,Institution,64.0,Count,Low,No
AG01100,Karnataka,Kurugodu,Numbers,Total,22177.0,Count,Medium,No
AG01101,Karnataka,Kurugodu,Area,Male,29678.68,Area,Medium,No
AG01102,Karnataka,Kurugodu,Area,Female,8732.52,Area,Low,No
AG01103,Karnataka,Kurugodu,Area,Institution,256.4,Area,Low,No
AG01104,Karnataka,Kurugodu,Area,Total,38667.6,Area,Medium,No
AG01105,Karnataka,Kushtagi,Numbers,Male,49645.0,Count,Medium,No
AG01106,Karnataka,Kushtagi,Numbers,Female,9381.0,Count,Low,No
AG01107,Karnataka,Kushtagi,Numbers,Institution,52.0,Count,Low,No
AG01108,Karnataka,Kushtagi,Numbers,Total,59078.0,Count,High,No
AG01109,Karnataka,Kushtagi,Area,Male,96655.99,Area,High,No
AG01110,Karnataka,Kushtagi,Area,Female,17161.46,Area,Medium,No
AG01111,Karnataka,Kushtagi,Area,Institution,62.05,Area,Low,No
AG01112,Karnataka,Kushtagi,Area,Total,113879.5,Area,High,No
AG01113,Karnataka,Laxmeshwar,Numbers,Male,0.0,Count,Zero,Yes
AG01114,Karnataka,Laxmeshwar,Numbers,Female,0.0,Count,Zero,Yes
AG01115,Karnataka,Laxmeshwar,Numbers,Institution,0.0,Count,Zero,Yes
AG01116,Karnataka,Laxmeshwar,Numbers,Total,0.0,Count,Zero,Yes
AG01117,Karnataka,Laxmeshwar,Area,Male,0.0,Area,Zero,Yes
AG01118,Karnataka,Laxmeshwar,Area,Female,0.0,Area,Zero,Yes
AG01119,Karnataka,Laxmeshwar,Area,Institution,0.0,Area,Zero,Yes
AG01120,Karnataka,Laxmeshwar,Area,Total,0.0,Area,Zero,Yes
AG01121,Karnataka,Lingasugur,Numbers,Male,48346.0,Count,Medium,No
AG01122,Karnataka,Lingasugur,Numbers,Female,6446.0,Count,Low,No
AG01123,Karnataka,Lingasugur,Numbers,Institution,5.0,Count,Low,No
AG01124,Karnataka,Lingasugur,Numbers,Total,54797.0,Count,High,No
AG01125,Karnataka,Lingasugur,Area,Male,110117.16,Area,High,No
AG01126,Karnataka,Lingasugur,Area,Female,11954.66,Area,Medium,No
AG01127,Karnataka,Lingasugur,Area,Institution,14.86,Area,Low,No
AG01128,Karnataka,Lingasugur,Area,Total,122086.68,Area,High,No
AG01129,Karnataka,Maddur,Numbers,Male,66212.0,Count,High,No
AG01130,Karnataka,Maddur,Numbers,Female,20462.0,Count,Medium,No
AG01131,Karnataka,Maddur,Numbers,Institution,227.0,Count,Low,No
AG01132,Karnataka,Maddur,Numbers,Total,86901.0,Count,High,No
AG01133,Karnataka,Maddur,Area,Male,32957.85,Area,Medium,No
AG01134,Karnataka,Maddur,Area,Female,8654.85,Area,Low,No
AG01135,Karnataka,Maddur,Area,Institution,559.2,Area,Low,No
AG01136,Karnataka,Maddur,Area,Total,42171.9,Area,Medium,No
AG01137,Karnataka,Madhugiri,Numbers,Male,39967.0,Count,Medium,No
AG01138,Karnataka,Madhugiri,Numbers,Female,10243.0,Count,Medium,No
AG01139,Karnataka,Madhugiri,Numbers,Institution,41.0,Count,Low,No
AG01140,Karnataka,Madhugiri,Numbers,Total,50251.0,Count,High,No
AG01141,Karnataka,Madhugiri,Area,Male,52896.13,Area,High,No
AG01142,Karnataka,Madhugiri,Area,Female,12332.54,Area,Medium,No
AG01143,Karnataka,Madhugiri,Area,Institution,104.49,Area,Low,No
AG01144,Karnataka,Madhugiri,Area,Total,65333.16,Area,High,No
AG01145,Karnataka,Madikeri,Numbers,Male,17740.0,Count,Medium,No
AG01146,Karnataka,Madikeri,Numbers,Female,2760.0,Count,Low,No
AG01147,Karnataka,Madikeri,Numbers,Institution,121.0,Count,Low,No
AG01148,Karnataka,Madikeri,Numbers,Total,20621.0,Count,Medium,No
AG01149,Karnataka,Madikeri,Area,Male,44977.17,Area,Medium,No
AG01150,Karnataka,Madikeri,Area,Female,5440.37,Area,Low,No
AG01151,Karnataka,Madikeri,Area,Institution,1289.33,Area,Low,No
AG01152,Karnataka,Madikeri,Area,Total,51706.87,Area,High,No
AG01153,Karnataka,Magadi,Numbers,Male,52161.0,Count,High,No
AG01154,Karnataka,Magadi,Numbers,Female,13719.0,Count,Medium,No
AG01155,Karnataka,Magadi,Numbers,Institution,6.0,Count,Low,No
AG01156,Karnataka,Magadi,Numbers,Total,65886.0,Count,High,No
AG01157,Karnataka,Magadi,Area,Male,40375.92,Area,Medium,No
AG01158,Karnataka,Magadi,Area,Female,10911.27,Area,Medium,No
AG01159,Karnataka,Magadi,Area,Institution,45.51,Area,Low,No
AG01160,Karnataka,Magadi,Area,Total,51332.7,Area,High,No
AG01161,Karnataka,Malavalli,Numbers,Male,69682.0,Count,High,No
AG01162,Karnataka,Malavalli,Numbers,Female,20821.0,Count,Medium,No
AG01163,Karnataka,Malavalli,Numbers,Institution,237.0,Count,Low,No
AG01164,Karnataka,Malavalli,Numbers,Total,90740.0,Count,High,No
AG01165,Karnataka,Malavalli,Area,Male,38729.26,Area,Medium,No
AG01166,Karnataka,Malavalli,Area,Female,9991.69,Area,Low,No
AG01167,Karnataka,Malavalli,Area,Institution,483.39,Area,Low,No
AG01168,Karnataka,Malavalli,Area,Total,49204.34,Area,Medium,No
AG01169,Karnataka,Malur,Numbers,Male,40935.0,Count,Medium,No
AG01170,Karnataka,Malur,Numbers,Female,10149.0,Count,Medium,No
AG01171,Karnataka,Malur,Numbers,Institution,57.0,Count,Low,No
AG01172,Karnataka,Malur,Numbers,Total,51141.0,Count,High,No
AG01173,Karnataka,Malur,Area,Male,34311.79,Area,Medium,No
AG01174,Karnataka,Malur,Area,Female,7708.69,Area,Low,No
AG01175,Karnataka,Malur,Area,Institution,76.57,Area,Low,No
AG01176,Karnataka,Malur,Area,Total,42097.05,Area,Medium,No
AG01177,Karnataka,Mandya,Numbers,Male,78441.0,Count,High,No
AG01178,Karnataka,Mandya,Numbers,Female,26432.0,Count,Medium,No
AG01179,Karnataka,Mandya,Numbers,Institution,458.0,Count,Low,No
AG01180,Karnataka,Mandya,Numbers,Total,105331.0,Count,High,No
AG01181,Karnataka,Mandya,Area,Male,38093.1,Area,Medium,No
AG01182,Karnataka,Mandya,Area,Female,11048.85,Area,Medium,No
AG01183,Karnataka,Mandya,Area,Institution,965.4,Area,Low,No
AG01184,Karnataka,Mandya,Area,Total,50107.35,Area,High,No
AG01185,Karnataka,Mangalore,Numbers,Male,15034.0,Count,Medium,No
AG01186,Karnataka,Mangalore,Numbers,Female,8922.0,Count,Low,No
AG01187,Karnataka,Mangalore,Numbers,Institution,94.0,Count,Low,No
AG01188,Karnataka,Mangalore,Numbers,Total,24050.0,Count,Medium,No
AG01189,Karnataka,Mangalore,Area,Male,12364.24,Area,Medium,No
AG01190,Karnataka,Mangalore,Area,Female,7219.61,Area,Low,No
AG01191,Karnataka,Mangalore,Area,Institution,142.79,Area,Low,No
AG01192,Karnataka,Mangalore,Area,Total,19726.64,Area,Medium,No
AG01193,Karnataka,Manvi,Numbers,Male,58441.0,Count,High,No
AG01194,Karnataka,Manvi,Numbers,Female,14615.0,Count,Medium,No
AG01195,Karnataka,Manvi,Numbers,Institution,149.0,Count,Low,No
AG01196,Karnataka,Manvi,Numbers,Total,73205.0,Count,High,No
AG01197,Karnataka,Manvi,Area,Male,125064.69,Area,High,No
AG01198,Karnataka,Manvi,Area,Female,26611.1,Area,Medium,No
AG01199,Karnataka,Manvi,Area,Institution,4047.93,Area,Low,No
AG01200,Karnataka,Manvi,Area,Total,155723.72,Area,High,No
AG01201,Karnataka,Maski,Numbers,Male,3276.0,Count,Low,No
AG01202,Karnataka,Maski,Numbers,Female,564.0,Count,Low,No
AG01203,Karnataka,Maski,Numbers,Institution,4.0,Count,Low,No
AG01204,Karnataka,Maski,Numbers,Total,3844.0,Count,Low,No
AG01205,Karnataka,Maski,Area,Male,1883.55,Area,Low,No
AG01206,Karnataka,Maski,Area,Female,683.79,Area,Low,No
AG01207,Karnataka,Maski,Area,Institution,6.0,Area,Low,No
AG01208,Karnataka,Maski,Area,Total,2573.34,Area,Low,No
AG01209,Karnataka,Molakalmuru,Numbers,Male,16255.0,Count,Medium,No
AG01210,Karnataka,Molakalmuru,Numbers,Female,6101.0,Count,Low,No
AG01211,Karnataka,Molakalmuru,Numbers,Institution,92.0,Count,Low,No
AG01212,Karnataka,Molakalmuru,Numbers,Total,22448.0,Count,Medium,No
AG01213,Karnataka,Molakalmuru,Area,Male,30946.07,Area,Medium,No
AG01214,Karnataka,Molakalmuru,Area,Female,11841.44,Area,Medium,No
AG01215,Karnataka,Molakalmuru,Area,Institution,209.16,Area,Low,No
AG01216,Karnataka,Molakalmuru,Area,Total,42996.67,Area,Medium,No
AG01217,Karnataka,Mudabidri,Numbers,Male,10020.0,Count,Medium,No
AG01218,Karnataka,Mudabidri,Numbers,Female,5948.0,Count,Low,No
AG01219,Karnataka,Mudabidri,Numbers,Institution,67.0,Count,Low,No
AG01220,Karnataka,Mudabidri,Numbers,Total,16035.0,Count,Medium,No
AG01221,Karnataka,Mudabidri,Area,Male,8240.14,Area,Low,No
AG01222,Karnataka,Mudabidri,Area,Female,4813.06,Area,Low,No
AG01223,Karnataka,Mudabidri,Area,Institution,95.2,Area,Low,No
AG01224,Karnataka,Mudabidri,Area,Total,13148.4,Area,Medium,No
AG01225,Karnataka,Mudalagi,Numbers,Male,0.0,Count,Zero,Yes
AG01226,Karnataka,Mudalagi,Numbers,Female,0.0,Count,Zero,Yes
AG01227,Karnataka,Mudalagi,Numbers,Institution,0.0,Count,Zero,Yes
AG01228,Karnataka,Mudalagi,Numbers,Total,0.0,Count,Zero,Yes
AG01229,Karnataka,Mudalagi,Area,Male,0.0,Area,Zero,Yes
AG01230,Karnataka,Mudalagi,Area,Female,0.0,Area,Zero,Yes
AG01231,Karnataka,Mudalagi,Area,Institution,0.0,Area,Zero,Yes
AG01232,Karnataka,Mudalagi,Area,Total,0.0,Area,Zero,Yes
AG01233,Karnataka,Muddebihal,Numbers,Male,41723.0,Count,Medium,No
AG01234,Karnataka,Muddebihal,Numbers,Female,7509.0,Count,Low,No
AG01235,Karnataka,Muddebihal,Numbers,Institution,0.0,Count,Zero,Yes
AG01236,Karnataka,Muddebihal,Numbers,Total,49232.0,Count,Medium,No
AG01237,Karnataka,Muddebihal,Area,Male,108410.9,Area,High,No
AG01238,Karnataka,Muddebihal,Area,Female,17984.35,Area,Medium,No
AG01239,Karnataka,Muddebihal,Area,Institution,0.0,Area,Zero,Yes
AG01240,Karnataka,Muddebihal,Area,Total,126395.25,Area,High,No
AG01241,Karnataka,Mudhol,Numbers,Male,34845.0,Count,Medium,No
AG01242,Karnataka,Mudhol,Numbers,Female,8475.0,Count,Low,No
AG01243,Karnataka,Mudhol,Numbers,Institution,61.0,Count,Low,No
AG01244,Karnataka,Mudhol,Numbers,Total,43381.0,Count,Medium,No
AG01245,Karnataka,Mudhol,Area,Male,64167.13,Area,High,No
AG01246,Karnataka,Mudhol,Area,Female,14274.98,Area,Medium,No
AG01247,Karnataka,Mudhol,Area,Institution,669.41,Area,Low,No
AG01248,Karnataka,Mudhol,Area,Total,79111.52,Area,High,No
AG01249,Karnataka,Mudigere,Numbers,Male,17486.0,Count,Medium,No
AG01250,Karnataka,Mudigere,Numbers,Female,5681.0,Count,Low,No
AG01251,Karnataka,Mudigere,Numbers,Institution,198.0,Count,Low,No
AG01252,Karnataka,Mudigere,Numbers,Total,23365.0,Count,Medium,No
AG01253,Karnataka,Mudigere,Area,Male,32600.39,Area,Medium,No
AG01254,Karnataka,Mudigere,Area,Female,9887.75,Area,Low,No
AG01255,Karnataka,Mudigere,Area,Institution,3221.65,Area,Low,No
AG01256,Karnataka,Mudigere,Area,Total,45709.79,Area,Medium,No
AG01257,Karnataka,Mulabagilu,Numbers,Male,50576.0,Count,High,No
AG01258,Karnataka,Mulabagilu,Numbers,Female,10291.0,Count,Medium,No
AG01259,Karnataka,Mulabagilu,Numbers,Institution,106.0,Count,Low,No
AG01260,Karnataka,Mulabagilu,Numbers,Total,60973.0,Count,High,No
AG01261,Karnataka,Mulabagilu,Area,Male,41218.68,Area,Medium,No
AG01262,Karnataka,Mulabagilu,Area,Female,7911.5,Area,Low,No
AG01263,Karnataka,Mulabagilu,Area,Institution,226.11,Area,Low,No
AG01264,Karnataka,Mulabagilu,Area,Total,49356.29,Area,Medium,No
AG01265,Karnataka,Mundargi,Numbers,Male,23487.0,Count,Medium,No
AG01266,Karnataka,Mundargi,Numbers,Female,4881.0,Count,Low,No
AG01267,Karnataka,Mundargi,Numbers,Institution,42.0,Count,Low,No
AG01268,Karnataka,Mundargi,Numbers,Total,28410.0,Count,Medium,No
AG01269,Karnataka,Mundargi,Area,Male,51621.11,Area,High,No
AG01270,Karnataka,Mundargi,Area,Female,9593.3,Area,Low,No
AG01271,Karnataka,Mundargi,Area,Institution,131.69,Area,Low,No
AG01272,Karnataka,Mundargi,Area,Total,61346.1,Area,High,No
AG01273,Karnataka,Mundgod,Numbers,Male,8839.0,Count,Low,No
AG01274,Karnataka,Mundgod,Numbers,Female,2205.0,Count,Low,No
AG01275,Karnataka,Mundgod,Numbers,Institution,29.0,Count,Low,No
AG01276,Karnataka,Mundgod,Numbers,Total,11073.0,Count,Medium,No
AG01277,Karnataka,Mundgod,Area,Male,12096.71,Area,Medium,No
AG01278,Karnataka,Mundgod,Area,Female,2959.13,Area,Low,No
AG01279,Karnataka,Mundgod,Area,Institution,41.63,Area,Low,No
AG01280,Karnataka,Mundgod,Area,Total,15097.47,Area,Medium,No
AG01281,Karnataka,Mysuru,Numbers,Male,44917.0,Count,Medium,No
AG01282,Karnataka,Mysuru,Numbers,Female,17656.0,Count,Medium,No
AG01283,Karnataka,Mysuru,Numbers,Institution,21.0,Count,Low,No
AG01284,Karnataka,Mysuru,Numbers,Total,62594.0,Count,High,No
AG01285,Karnataka,Mysuru,Area,Male,29822.78,Area,Medium,No
AG01286,Karnataka,Mysuru,Area,Female,11829.14,Area,Medium,No
AG01287,Karnataka,Mysuru,Area,Institution,12.0,Area,Low,No
AG01288,Karnataka,Mysuru,Area,Total,41663.92,Area,Medium,No
AG01289,Karnataka,Nagamangala,Numbers,Male,70104.0,Count,High,No
AG01290,Karnataka,Nagamangala,Numbers,Female,19128.0,Count,Medium,No
AG01291,Karnataka,Nagamangala,Numbers,Institution,446.0,Count,Low,No
AG01292,Karnataka,Nagamangala,Numbers,Total,89678.0,Count,High,No
AG01293,Karnataka,Nagamangala,Area,Male,51061.87,Area,High,No
AG01294,Karnataka,Nagamangala,Area,Female,12702.11,Area,Medium,No
AG01295,Karnataka,Nagamangala,Area,Institution,725.83,Area,Low,No
AG01296,Karnataka,Nagamangala,Area,Total,64489.81,Area,High,No
AG01297,Karnataka,Nanjangud,Numbers,Male,66270.0,Count,High,No
AG01298,Karnataka,Nanjangud,Numbers,Female,12033.0,Count,Medium,No
AG01299,Karnataka,Nanjangud,Numbers,Institution,132.0,Count,Low,No
AG01300,Karnataka,Nanjangud,Numbers,Total,78435.0,Count,High,No
AG01301,Karnataka,Nanjangud,Area,Male,58572.17,Area,High,No
AG01302,Karnataka,Nanjangud,Area,Female,9196.19,Area,Low,No
AG01303,Karnataka,Nanjangud,Area,Institution,538.27,Area,Low,No
AG01304,Karnataka,Nanjangud,Area,Total,68306.63,Area,High,No
AG01305,Karnataka,Naragund,Numbers,Male,14880.0,Count,Medium,No
AG01306,Karnataka,Naragund,Numbers,Female,3157.0,Count,Low,No
AG01307,Karnataka,Naragund,Numbers,Institution,11.0,Count,Low,No
AG01308,Karnataka,Naragund,Numbers,Total,18048.0,Count,Medium,No
AG01309,Karnataka,Naragund,Area,Male,34189.87,Area,Medium,No
AG01310,Karnataka,Naragund,Area,Female,6236.39,Area,Low,No
AG01311,Karnataka,Naragund,Area,Institution,118.47,Area,Low,No
AG01312,Karnataka,Naragund,Area,Total,40544.73,Area,Medium,No
AG01313,Karnataka,Narasimharajapura,Numbers,Male,6153.0,Count,Low,No
AG01314,Karnataka,Narasimharajapura,Numbers,Female,1977.0,Count,Low,No
AG01315,Karnataka,Narasimharajapura,Numbers,Institution,84.0,Count,Low,No
AG01316,Karnataka,Narasimharajapura,Numbers,Total,8214.0,Count,Low,No
AG01317,Karnataka,Narasimharajapura,Area,Male,9449.93,Area,Low,No
AG01318,Karnataka,Narasimharajapura,Area,Female,2798.44,Area,Low,No
AG01319,Karnataka,Narasimharajapura,Area,Institution,1130.91,Area,Low,No
AG01320,Karnataka,Narasimharajapura,Area,Total,13379.28,Area,Medium,No
AG01321,Karnataka,Navalgund,Numbers,Male,32955.0,Count,Medium,No
AG01322,Karnataka,Navalgund,Numbers,Female,6396.0,Count,Low,No
AG01323,Karnataka,Navalgund,Numbers,Institution,31.0,Count,Low,No
AG01324,Karnataka,Navalgund,Numbers,Total,39382.0,Count,Medium,No
AG01325,Karnataka,Navalgund,Area,Male,85489.32,Area,High,No
AG01326,Karnataka,Navalgund,Area,Female,14951.82,Area,Medium,No
AG01327,Karnataka,Navalgund,Area,Institution,165.49,Area,Low,No
AG01328,Karnataka,Navalgund,Area,Total,100606.63,Area,High,No
AG01329,Karnataka,Nelamangala,Numbers,Male,29437.0,Count,Medium,No
AG01330,Karnataka,Nelamangala,Numbers,Female,9460.0,Count,Low,No
AG01331,Karnataka,Nelamangala,Numbers,Institution,16.0,Count,Low,No
AG01332,Karnataka,Nelamangala,Numbers,Total,38913.0,Count,Medium,No
AG01333,Karnataka,Nelamangala,Area,Male,25733.89,Area,Medium,No
AG01334,Karnataka,Nelamangala,Area,Female,7513.05,Area,Low,No
AG01335,Karnataka,Nelamangala,Area,Institution,51.5,Area,Low,No
AG01336,Karnataka,Nelamangala,Area,Total,33298.44,Area,Medium,No
AG01337,Karnataka,Nidagundi,Numbers,Male,0.0,Count,Zero,Yes
AG01338,Karnataka,Nidagundi,Numbers,Female,0.0,Count,Zero,Yes
AG01339,Karnataka,Nidagundi,Numbers,Institution,0.0,Count,Zero,Yes
AG01340,Karnataka,Nidagundi,Numbers,Total,0.0,Count,Zero,Yes
AG01341,Karnataka,Nidagundi,Area,Male,0.0,Area,Zero,Yes
AG01342,Karnataka,Nidagundi,Area,Female,0.0,Area,Zero,Yes
AG01343,Karnataka,Nidagundi,Area,Institution,0.0,Area,Zero,Yes
AG01344,Karnataka,Nidagundi,Area,Total,0.0,Area,Zero,Yes
AG01345,Karnataka,Nippani,Numbers,Male,0.0,Count,Zero,Yes
AG01346,Karnataka,Nippani,Numbers,Female,0.0,Count,Zero,Yes
AG01347,Karnataka,Nippani,Numbers,Institution,0.0,Count,Zero,Yes
AG01348,Karnataka,Nippani,Numbers,Total,0.0,Count,Zero,Yes
AG01349,Karnataka,Nippani,Area,Male,0.0,Area,Zero,Yes
AG01350,Karnataka,Nippani,Area,Female,0.0,Area,Zero,Yes
AG01351,Karnataka,Nippani,Area,Institution,0.0,Area,Zero,Yes
AG01352,Karnataka,Nippani,Area,Total,0.0,Area,Zero,Yes
AG01353,Karnataka,Nyamati,Numbers,Male,0.0,Count,Zero,Yes
AG01354,Karnataka,Nyamati,Numbers,Female,0.0,Count,Zero,Yes
AG01355,Karnataka,Nyamati,Numbers,Institution,0.0,Count,Zero,Yes
AG01356,Karnataka,Nyamati,Numbers,Total,0.0,Count,Zero,Yes
AG01357,Karnataka,Nyamati,Area,Male,0.0,Area,Zero,Yes
AG01358,Karnataka,Nyamati,Area,Female,0.0,Area,Zero,Yes
AG01359,Karnataka,Nyamati,Area,Institution,0.0,Area,Zero,Yes
AG01360,Karnataka,Nyamati,Area,Total,0.0,Area,Zero,Yes
AG01361,Karnataka,Pandavpura,Numbers,Male,42859.0,Count,Medium,No
AG01362,Karnataka,Pandavpura,Numbers,Female,13518.0,Count,Medium,No
AG01363,Karnataka,Pandavpura,Numbers,Institution,243.0,Count,Low,No
AG01364,Karnataka,Pandavpura,Numbers,Total,56620.0,Count,High,No
AG01365,Karnataka,Pandavpura,Area,Male,25168.57,Area,Medium,No
AG01366,Karnataka,Pandavpura,Area,Female,7020.23,Area,Low,No
AG01367,Karnataka,Pandavpura,Area,Institution,458.51,Area,Low,No
AG01368,Karnataka,Pandavpura,Area,Total,32647.31,Area,Medium,No
AG01369,Karnataka,Pavagada,Numbers,Male,28457.0,Count,Medium,No
AG01370,Karnataka,Pavagada,Numbers,Female,9588.0,Count,Low,No
AG01371,Karnataka,Pavagada,Numbers,Institution,11.0,Count,Low,No
AG01372,Karnataka,Pavagada,Numbers,Total,38056.0,Count,Medium,No
AG01373,Karnataka,Pavagada,Area,Male,67444.22,Area,High,No
AG01374,Karnataka,Pavagada,Area,Female,20647.58,Area,Medium,No
AG01375,Karnataka,Pavagada,Area,Institution,46.7,Area,Low,No
AG01376,Karnataka,Pavagada,Area,Total,88138.5,Area,High,No
AG01377,Karnataka,Piriyapatna,Numbers,Male,39144.0,Count,Medium,No
AG01378,Karnataka,Piriyapatna,Numbers,Female,11903.0,Count,Medium,No
AG01379,Karnataka,Piriyapatna,Numbers,Institution,22.0,Count,Low,No
AG01380,Karnataka,Piriyapatna,Numbers,Total,51069.0,Count,High,No
AG01381,Karnataka,Piriyapatna,Area,Male,36510.54,Area,Medium,No
AG01382,Karnataka,Piriyapatna,Area,Female,11834.15,Area,Medium,No
AG01383,Karnataka,Piriyapatna,Area,Institution,1739.79,Area,Low,No
AG01384,Karnataka,Piriyapatna,Area,Total,50084.48,Area,High,No
AG01385,Karnataka,Puttur,Numbers,Male,19642.0,Count,Medium,No
AG01386,Karnataka,Puttur,Numbers,Female,8912.0,Count,Low,No
AG01387,Karnataka,Puttur,Numbers,Institution,94.0,Count,Low,No
AG01388,Karnataka,Puttur,Numbers,Total,28648.0,Count,Medium,No
AG01389,Karnataka,Puttur,Area,Male,15088.3,Area,Medium,No
AG01390,Karnataka,Puttur,Area,Female,6606.91,Area,Low,No
AG01391,Karnataka,Puttur,Area,Institution,116.66,Area,Low,No
AG01392,Karnataka,Puttur,Area,Total,21811.87,Area,Medium,No
AG01393,Karnataka,Rabakavi Banahatti,Numbers,Male,0.0,Count,Zero,Yes
AG01394,Karnataka,Rabakavi Banahatti,Numbers,Female,0.0,Count,Zero,Yes
AG01395,Karnataka,Rabakavi Banahatti,Numbers,Institution,0.0,Count,Zero,Yes
AG01396,Karnataka,Rabakavi Banahatti,Numbers,Total,0.0,Count,Zero,Yes
AG01397,Karnataka,Rabakavi Banahatti,Area,Male,0.0,Area,Zero,Yes
AG01398,Karnataka,Rabakavi Banahatti,Area,Female,0.0,Area,Zero,Yes
AG01399,Karnataka,Rabakavi Banahatti,Area,Institution,0.0,Area,Zero,Yes
AG01400,Karnataka,Rabakavi Banahatti,Area,Total,0.0,Area,Zero,Yes
AG01401,Karnataka,Raibag,Numbers,Male,44192.0,Count,Medium,No
AG01402,Karnataka,Raibag,Numbers,Female,3619.0,Count,Low,No
AG01403,Karnataka,Raibag,Numbers,Institution,90.0,Count,Low,No
AG01404,Karnataka,Raibag,Numbers,Total,47901.0,Count,Medium,No
AG01405,Karnataka,Raibag,Area,Male,74218.0,Area,High,No
AG01406,Karnataka,Raibag,Area,Female,4930.0,Area,Low,No
AG01407,Karnataka,Raibag,Area,Institution,795.0,Area,Low,No
AG01408,Karnataka,Raibag,Area,Total,79943.0,Area,High,No
AG01409,Karnataka,Raichur,Numbers,Male,46861.0,Count,Medium,No
AG01410,Karnataka,Raichur,Numbers,Female,8831.0,Count,Low,No
AG01411,Karnataka,Raichur,Numbers,Institution,146.0,Count,Low,No
AG01412,Karnataka,Raichur,Numbers,Total,55838.0,Count,High,No
AG01413,Karnataka,Raichur,Area,Male,84977.89,Area,High,No
AG01414,Karnataka,Raichur,Area,Female,13957.75,Area,Medium,No
AG01415,Karnataka,Raichur,Area,Institution,484.16,Area,Low,No
AG01416,Karnataka,Raichur,Area,Total,99419.8,Area,High,No
AG01417,Karnataka,Ramadurg,Numbers,Male,38627.0,Count,Medium,No
AG01418,Karnataka,Ramadurg,Numbers,Female,4864.0,Count,Low,No
AG01419,Karnataka,Ramadurg,Numbers,Institution,166.0,Count,Low,No
AG01420,Karnataka,Ramadurg,Numbers,Total,43657.0,Count,Medium,No
AG01421,Karnataka,Ramadurg,Area,Male,84520.0,Area,High,No
AG01422,Karnataka,Ramadurg,Area,Female,9826.0,Area,Low,No
AG01423,Karnataka,Ramadurg,Area,Institution,3886.0,Area,Low,No
AG01424,Karnataka,Ramadurg,Area,Total,98232.0,Area,High,No
AG01425,Karnataka,Ramanagar,Numbers,Male,34332.0,Count,Medium,No
AG01426,Karnataka,Ramanagar,Numbers,Female,10008.0,Count,Medium,No
AG01427,Karnataka,Ramanagar,Numbers,Institution,39.0,Count,Low,No
AG01428,Karnataka,Ramanagar,Numbers,Total,44379.0,Count,Medium,No
AG01429,Karnataka,Ramanagar,Area,Male,25065.42,Area,Medium,No
AG01430,Karnataka,Ramanagar,Area,Female,6963.34,Area,Low,No
AG01431,Karnataka,Ramanagar,Area,Institution,55.76,Area,Low,No
AG01432,Karnataka,Ramanagar,Area,Total,32084.52,Area,Medium,No
AG01433,Karnataka,Ranebennur,Numbers,Male,37105.0,Count,Medium,No
AG01434,Karnataka,Ranebennur,Numbers,Female,4289.0,Count,Low,No
AG01435,Karnataka,Ranebennur,Numbers,Institution,37.0,Count,Low,No
AG01436,Karnataka,Ranebennur,Numbers,Total,41431.0,Count,Medium,No
AG01437,Karnataka,Ranebennur,Area,Male,59553.5,Area,High,No
AG01438,Karnataka,Ranebennur,Area,Female,6150.03,Area,Low,No
AG01439,Karnataka,Ranebennur,Area,Institution,117.38,Area,Low,No
AG01440,Karnataka,Ranebennur,Area,Total,65820.91,Area,High,No
AG01441,Karnataka,Ratteehalli,Numbers,Male,0.0,Count,Zero,Yes
AG01442,Karnataka,Ratteehalli,Numbers,Female,0.0,Count,Zero,Yes
AG01443,Karnataka,Ratteehalli,Numbers,Institution,0.0,Count,Zero,Yes
AG01444,Karnataka,Ratteehalli,Numbers,Total,0.0,Count,Zero,Yes
AG01445,Karnataka,Ratteehalli,Area,Male,0.0,Area,Zero,Yes
AG01446,Karnataka,Ratteehalli,Area,Female,0.0,Area,Zero,Yes
AG01447,Karnataka,Ratteehalli,Area,Institution,0.0,Area,Zero,Yes
AG01448,Karnataka,Ratteehalli,Area,Total,0.0,Area,Zero,Yes
AG01449,Karnataka,Rona,Numbers,Male,47458.0,Count,Medium,No
AG01450,Karnataka,Rona,Numbers,Female,7653.0,Count,Low,No
AG01451,Karnataka,Rona,Numbers,Institution,25.0,Count,Low,No
AG01452,Karnataka,Rona,Numbers,Total,55136.0,Count,High,No
AG01453,Karnataka,Rona,Area,Male,102222.01,Area,High,No
AG01454,Karnataka,Rona,Area,Female,15430.0,Area,Medium,No
AG01455,Karnataka,Rona,Area,Institution,92.21,Area,Low,No
AG01456,Karnataka,Rona,Area,Total,117744.22,Area,High,No
AG01457,Karnataka,Sagara,Numbers,Male,24378.0,Count,Medium,No
AG01458,Karnataka,Sagara,Numbers,Female,7687.0,Count,Low,No
AG01459,Karnataka,Sagara,Numbers,Institution,38.0,Count,Low,No
AG01460,Karnataka,Sagara,Numbers,Total,32103.0,Count,Medium,No
AG01461,Karnataka,Sagara,Area,Male,26416.47,Area,Medium,No
AG01462,Karnataka,Sagara,Area,Female,7981.83,Area,Low,No
AG01463,Karnataka,Sagara,Area,Institution,204.9,Area,Low,No
AG01464,Karnataka,Sagara,Area,Total,34603.2,Area,Medium,No
AG01465,Karnataka,Sakleshpura,Numbers,Male,22175.0,Count,Medium,No
AG01466,Karnataka,Sakleshpura,Numbers,Female,5586.0,Count,Low,No
AG01467,Karnataka,Sakleshpura,Numbers,Institution,54.0,Count,Low,No
AG01468,Karnataka,Sakleshpura,Numbers,Total,27815.0,Count,Medium,No
AG01469,Karnataka,Sakleshpura,Area,Male,39504.83,Area,Medium,No
AG01470,Karnataka,Sakleshpura,Area,Female,8181.56,Area,Low,No
AG01471,Karnataka,Sakleshpura,Area,Institution,371.2,Area,Low,No
AG01472,Karnataka,Sakleshpura,Area,Total,48057.59,Area,Medium,No
AG01473,Karnataka,Saraguru,Numbers,Male,0.0,Count,Zero,Yes
AG01474,Karnataka,Saraguru,Numbers,Female,0.0,Count,Zero,Yes
AG01475,Karnataka,Saraguru,Numbers,Institution,0.0,Count,Zero,Yes
AG01476,Karnataka,Saraguru,Numbers,Total,0.0,Count,Zero,Yes
AG01477,Karnataka,Saraguru,Area,Male,0.0,Area,Zero,Yes
AG01478,Karnataka,Saraguru,Area,Female,0.0,Area,Zero,Yes
AG01479,Karnataka,Saraguru,Area,Institution,0.0,Area,Zero,Yes
AG01480,Karnataka,Saraguru,Area,Total,0.0,Area,Zero,Yes
AG01481,Karnataka,Savadatti,Numbers,Male,49268.0,Count,Medium,No
AG01482,Karnataka,Savadatti,Numbers,Female,5793.0,Count,Low,No
AG01483,Karnataka,Savadatti,Numbers,Institution,130.0,Count,Low,No
AG01484,Karnataka,Savadatti,Numbers,Total,55191.0,Count,High,No
AG01485,Karnataka,Savadatti,Area,Male,108956.0,Area,High,No
AG01486,Karnataka,Savadatti,Area,Female,12245.0,Area,Medium,No
AG01487,Karnataka,Savadatti,Area,Institution,2952.0,Area,Low,No
AG01488,Karnataka,Savadatti,Area,Total,124153.0,Area,High,No
AG01489,Karnataka,Savanur,Numbers,Male,21694.0,Count,Medium,No
AG01490,Karnataka,Savanur,Numbers,Female,2304.0,Count,Low,No
AG01491,Karnataka,Savanur,Numbers,Institution,30.0,Count,Low,No
AG01492,Karnataka,Savanur,Numbers,Total,24028.0,Count,Medium,No
AG01493,Karnataka,Savanur,Area,Male,43519.9,Area,Medium,No
AG01494,Karnataka,Savanur,Area,Female,4189.89,Area,Low,No
AG01495,Karnataka,Savanur,Area,Institution,300.02,Area,Low,No
AG01496,Karnataka,Savanur,Area,Total,48009.81,Area,Medium,No
AG01497,Karnataka,Sedam,Numbers,Male,37289.0,Count,Medium,No
AG01498,Karnataka,Sedam,Numbers,Female,10226.0,Count,Medium,No
AG01499,Karnataka,Sedam,Numbers,Institution,40.0,Count,Low,No
AG01500,Karnataka,Sedam,Numbers,Total,47555.0,Count,Medium,No
AG01501,Karnataka,Sedam,Area,Male,67384.3,Area,High,No
AG01502,Karnataka,Sedam,Area,Female,18492.9,Area,Medium,No
AG01503,Karnataka,Sedam,Area,Institution,177.92,Area,Low,No
AG01504,Karnataka,Sedam,Area,Total,86055.12,Area,High,No
AG01505,Karnataka,Shahapur,Numbers,Male,59498.0,Count,High,No
AG01506,Karnataka,Shahapur,Numbers,Female,14416.0,Count,Medium,No
AG01507,Karnataka,Shahapur,Numbers,Institution,1.0,Count,Low,No
AG01508,Karnataka,Shahapur,Numbers,Total,73915.0,Count,High,No
AG01509,Karnataka,Shahapur,Area,Male,117706.43,Area,High,No
AG01510,Karnataka,Shahapur,Area,Female,27842.68,Area,Medium,No
AG01511,Karnataka,Shahapur,Area,Institution,2.06,Area,Low,No
AG01512,Karnataka,Shahapur,Area,Total,145551.17,Area,High,No
AG01513,Karnataka,Shahbadha,Numbers,Male,0.0,Count,Zero,Yes
AG01514,Karnataka,Shahbadha,Numbers,Female,0.0,Count,Zero,Yes
AG01515,Karnataka,Shahbadha,Numbers,Institution,0.0,Count,Zero,Yes
AG01516,Karnataka,Shahbadha,Numbers,Total,0.0,Count,Zero,Yes
AG01517,Karnataka,Shahbadha,Area,Male,0.0,Area,Zero,Yes
AG01518,Karnataka,Shahbadha,Area,Female,0.0,Area,Zero,Yes
AG01519,Karnataka,Shahbadha,Area,Institution,0.0,Area,Zero,Yes
AG01520,Karnataka,Shahbadha,Area,Total,0.0,Area,Zero,Yes
AG01521,Karnataka,Shidlagatta,Numbers,Male,25116.0,Count,Medium,No
AG01522,Karnataka,Shidlagatta,Numbers,Female,8098.0,Count,Low,No
AG01523,Karnataka,Shidlagatta,Numbers,Institution,70.0,Count,Low,No
AG01524,Karnataka,Shidlagatta,Numbers,Total,33284.0,Count,Medium,No
AG01525,Karnataka,Shidlagatta,Area,Male,19383.22,Area,Medium,No
AG01526,Karnataka,Shidlagatta,Area,Female,6346.8,Area,Low,No
AG01527,Karnataka,Shidlagatta,Area,Institution,72.37,Area,Low,No
AG01528,Karnataka,Shidlagatta,Area,Total,25802.39,Area,Medium,No
AG01529,Karnataka,Shiggaon,Numbers,Male,20066.0,Count,Medium,No
AG01530,Karnataka,Shiggaon,Numbers,Female,3390.0,Count,Low,No
AG01531,Karnataka,Shiggaon,Numbers,Institution,50.0,Count,Low,No
AG01532,Karnataka,Shiggaon,Numbers,Total,23506.0,Count,Medium,No
AG01533,Karnataka,Shiggaon,Area,Male,36680.39,Area,Medium,No
AG01534,Karnataka,Shiggaon,Area,Female,6042.0,Area,Low,No
AG01535,Karnataka,Shiggaon,Area,Institution,266.86,Area,Low,No
AG01536,Karnataka,Shiggaon,Area,Total,42989.25,Area,Medium,No
AG01537,Karnataka,Shikaripura,Numbers,Male,32875.0,Count,Medium,No
AG01538,Karnataka,Shikaripura,Numbers,Female,8318.0,Count,Low,No
AG01539,Karnataka,Shikaripura,Numbers,Institution,108.0,Count,Low,No
AG01540,Karnataka,Shikaripura,Numbers,Total,41301.0,Count,Medium,No
AG01541,Karnataka,Shikaripura,Area,Male,38696.45,Area,Medium,No
AG01542,Karnataka,Shikaripura,Area,Female,9362.32,Area,Low,No
AG01543,Karnataka,Shikaripura,Area,Institution,165.76,Area,Low,No
AG01544,Karnataka,Shikaripura,Area,Total,48224.53,Area,Medium,No
AG01545,Karnataka,Shimoga,Numbers,Male,27598.0,Count,Medium,No
AG01546,Karnataka,Shimoga,Numbers,Female,8733.0,Count,Low,No
AG01547,Karnataka,Shimoga,Numbers,Institution,167.0,Count,Low,No
AG01548,Karnataka,Shimoga,Numbers,Total,36498.0,Count,Medium,No
AG01549,Karnataka,Shimoga,Area,Male,31147.81,Area,Medium,No
AG01550,Karnataka,Shimoga,Area,Female,9820.67,Area,Low,No
AG01551,Karnataka,Shimoga,Area,Institution,689.85,Area,Low,No
AG01552,Karnataka,Shimoga,Area,Total,41658.33,Area,Medium,No
AG01553,Karnataka,Shirahatti,Numbers,Male,31790.0,Count,Medium,No
AG01554,Karnataka,Shirahatti,Numbers,Female,5391.0,Count,Low,No
AG01555,Karnataka,Shirahatti,Numbers,Institution,80.0,Count,Low,No
AG01556,Karnataka,Shirahatti,Numbers,Total,37261.0,Count,Medium,No
AG01557,Karnataka,Shirahatti,Area,Male,67267.68,Area,High,No
AG01558,Karnataka,Shirahatti,Area,Female,9748.39,Area,Low,No
AG01559,Karnataka,Shirahatti,Area,Institution,287.17,Area,Low,No
AG01560,Karnataka,Shirahatti,Area,Total,77303.24,Area,High,No
AG01561,Karnataka,Shorapur,Numbers,Male,61270.0,Count,High,No
AG01562,Karnataka,Shorapur,Numbers,Female,13214.0,Count,Medium,No
AG01563,Karnataka,Shorapur,Numbers,Institution,4.0,Count,Low,No
AG01564,Karnataka,Shorapur,Numbers,Total,74488.0,Count,High,No
AG01565,Karnataka,Shorapur,Area,Male,125582.2,Area,High,No
AG01566,Karnataka,Shorapur,Area,Female,26128.36,Area,Medium,No
AG01567,Karnataka,Shorapur,Area,Institution,11.99,Area,Low,No
AG01568,Karnataka,Shorapur,Area,Total,151722.55,Area,High,No
AG01569,Karnataka,Siddapur,Numbers,Male,14024.0,Count,Medium,No
AG01570,Karnataka,Siddapur,Numbers,Female,3918.0,Count,Low,No
AG01571,Karnataka,Siddapur,Numbers,Institution,29.0,Count,Low,No
AG01572,Karnataka,Siddapur,Numbers,Total,17971.0,Count,Medium,No
AG01573,Karnataka,Siddapur,Area,Male,11520.79,Area,Medium,No
AG01574,Karnataka,Siddapur,Area,Female,3160.83,Area,Low,No
AG01575,Karnataka,Siddapur,Area,Institution,55.48,Area,Low,No
AG01576,Karnataka,Siddapur,Area,Total,14737.1,Area,Medium,No
AG01577,Karnataka,Sindagi,Numbers,Male,66559.0,Count,High,No
AG01578,Karnataka,Sindagi,Numbers,Female,10696.0,Count,Medium,No
AG01579,Karnataka,Sindagi,Numbers,Institution,3.0,Count,Low,No
AG01580,Karnataka,Sindagi,Numbers,Total,77258.0,Count,High,No
AG01581,Karnataka,Sindagi,Area,Male,175068.47,Area,High,No
AG01582,Karnataka,Sindagi,Area,Female,26285.38,Area,Medium,No
AG01583,Karnataka,Sindagi,Area,Institution,2.33,Area,Low,No
AG01584,Karnataka,Sindagi,Area,Total,201356.18,Area,High,No
AG01585,Karnataka,Sindhanur,Numbers,Male,31391.0,Count,Medium,No
AG01586,Karnataka,Sindhanur,Numbers,Female,10259.0,Count,Medium,No
AG01587,Karnataka,Sindhanur,Numbers,Institution,320.0,Count,Low,No
AG01588,Karnataka,Sindhanur,Numbers,Total,41970.0,Count,Medium,No
AG01589,Karnataka,Sindhanur,Area,Male,79215.29,Area,High,No
AG01590,Karnataka,Sindhanur,Area,Female,22050.64,Area,Medium,No
AG01591,Karnataka,Sindhanur,Area,Institution,2159.74,Area,Low,No
AG01592,Karnataka,Sindhanur,Area,Total,103425.67,Area,High,No
AG01593,Karnataka,Sira,Numbers,Male,42933.0,Count,Medium,No
AG01594,Karnataka,Sira,Numbers,Female,13221.0,Count,Medium,No
AG01595,Karnataka,Sira,Numbers,Institution,46.0,Count,Low,No
AG01596,Karnataka,Sira,Numbers,Total,56200.0,Count,High,No
AG01597,Karnataka,Sira,Area,Male,77008.5,Area,High,No
AG01598,Karnataka,Sira,Area,Female,21877.02,Area,Medium,No
AG01599,Karnataka,Sira,Area,Institution,162.06,Area,Low,No
AG01600,Karnataka,Sira,Area,Total,99047.58,Area,High,No
AG01601,Karnataka,Siraguppa,Numbers,Male,35358.0,Count,Medium,No
AG01602,Karnataka,Siraguppa,Numbers,Female,12497.0,Count,Medium,No
AG01603,Karnataka,Siraguppa,Numbers,Institution,179.0,Count,Low,No
AG01604,Karnataka,Siraguppa,Numbers,Total,48034.0,Count,Medium,No
AG01605,Karnataka,Siraguppa,Area,Male,64134.06,Area,High,No
AG01606,Karnataka,Siraguppa,Area,Female,19818.84,Area,Medium,No
AG01607,Karnataka,Siraguppa,Area,Institution,524.43,Area,Low,No
AG01608,Karnataka,Siraguppa,Area,Total,84477.33,Area,High,No
AG01609,Karnataka,Sirivara,Numbers,Male,6429.0,Count,Low,No
AG01610,Karnataka,Sirivara,Numbers,Female,2108.0,Count,Low,No
AG01611,Karnataka,Sirivara,Numbers,Institution,11.0,Count,Low,No
AG01612,Karnataka,Sirivara,Numbers,Total,8548.0,Count,Low,No
AG01613,Karnataka,Sirivara,Area,Male,3154.0,Area,Low,No
AG01614,Karnataka,Sirivara,Area,Female,564.6,Area,Low,No
AG01615,Karnataka,Sirivara,Area,Institution,10.0,Area,Low,No
AG01616,Karnataka,Sirivara,Area,Total,3728.6,Area,Low,No
AG01617,Karnataka,Sirsi,Numbers,Male,17446.0,Count,Medium,No
AG01618,Karnataka,Sirsi,Numbers,Female,4494.0,Count,Low,No
AG01619,Karnataka,Sirsi,Numbers,Institution,69.0,Count,Low,No
AG01620,Karnataka,Sirsi,Numbers,Total,22009.0,Count,Medium,No
AG01621,Karnataka,Sirsi,Area,Male,19479.72,Area,Medium,No
AG01622,Karnataka,Sirsi,Area,Female,4467.19,Area,Low,No
AG01623,Karnataka,Sirsi,Area,Institution,120.15,Area,Low,No
AG01624,Karnataka,Sirsi,Area,Total,24067.06,Area,Medium,No
AG01625,Karnataka,Somawarpet,Numbers,Male,21505.0,Count,Medium,No
AG01626,Karnataka,Somawarpet,Numbers,Female,5155.0,Count,Low,No
AG01627,Karnataka,Somawarpet,Numbers,Institution,165.0,Count,Low,No
AG01628,Karnataka,Somawarpet,Numbers,Total,26825.0,Count,Medium,No
AG01629,Karnataka,Somawarpet,Area,Male,36158.51,Area,Medium,No
AG01630,Karnataka,Somawarpet,Area,Female,8140.73,Area,Low,No
AG01631,Karnataka,Somawarpet,Area,Institution,2816.87,Area,Low,No
AG01632,Karnataka,Somawarpet,Area,Total,47116.11,Area,Medium,No
AG01633,Karnataka,Sonduru,Numbers,Male,21711.0,Count,Medium,No
AG01634,Karnataka,Sonduru,Numbers,Female,4755.0,Count,Low,No
AG01635,Karnataka,Sonduru,Numbers,Institution,16.0,Count,Low,No
AG01636,Karnataka,Sonduru,Numbers,Total,26482.0,Count,Medium,No
AG01637,Karnataka,Sonduru,Area,Male,30139.79,Area,Medium,No
AG01638,Karnataka,Sonduru,Area,Female,6377.03,Area,Low,No
AG01639,Karnataka,Sonduru,Area,Institution,41.35,Area,Low,No
AG01640,Karnataka,Sonduru,Area,Total,36558.17,Area,Medium,No
AG01641,Karnataka,Soraba,Numbers,Male,32336.0,Count,Medium,No
AG01642,Karnataka,Soraba,Numbers,Female,7138.0,Count,Low,No
AG01643,Karnataka,Soraba,Numbers,Institution,97.0,Count,Low,No
AG01644,Karnataka,Soraba,Numbers,Total,39571.0,Count,Medium,No
AG01645,Karnataka,Soraba,Area,Male,43856.14,Area,Medium,No
AG01646,Karnataka,Soraba,Area,Female,9801.71,Area,Low,No
AG01647,Karnataka,Soraba,Area,Institution,200.62,Area,Low,No
AG01648,Karnataka,Soraba,Area,Total,53858.47,Area,High,No
AG01649,Karnataka,Sringeri,Numbers,Male,4421.0,Count,Low,No
AG01650,Karnataka,Sringeri,Numbers,Female,1557.0,Count,Low,No
AG01651,Karnataka,Sringeri,Numbers,Institution,44.0,Count,Low,No
AG01652,Karnataka,Sringeri,Numbers,Total,6022.0,Count,Low,No
AG01653,Karnataka,Sringeri,Area,Male,4228.17,Area,Low,No
AG01654,Karnataka,Sringeri,Area,Female,1450.65,Area,Low,No
AG01655,Karnataka,Sringeri,Area,Institution,55.86,Area,Low,No
AG01656,Karnataka,Sringeri,Area,Total,5734.68,Area,Low,No
AG01657,Karnataka,Srinivaspura,Numbers,Male,39533.0,Count,Medium,No
AG01658,Karnataka,Srinivaspura,Numbers,Female,7560.0,Count,Low,No
AG01659,Karnataka,Srinivaspura,Numbers,Institution,26.0,Count,Low,No
AG01660,Karnataka,Srinivaspura,Numbers,Total,47119.0,Count,Medium,No
AG01661,Karnataka,Srinivaspura,Area,Male,37158.61,Area,Medium,No
AG01662,Karnataka,Srinivaspura,Area,Female,6248.27,Area,Low,No
AG01663,Karnataka,Srinivaspura,Area,Institution,36.33,Area,Low,No
AG01664,Karnataka,Srinivaspura,Area,Total,43443.21,Area,Medium,No
AG01665,Karnataka,Srirangapatna,Numbers,Male,31024.0,Count,Medium,No
AG01666,Karnataka,Srirangapatna,Numbers,Female,10350.0,Count,Medium,No
AG01667,Karnataka,Srirangapatna,Numbers,Institution,207.0,Count,Low,No
AG01668,Karnataka,Srirangapatna,Numbers,Total,41581.0,Count,Medium,No
AG01669,Karnataka,Srirangapatna,Area,Male,17367.08,Area,Medium,No
AG01670,Karnataka,Srirangapatna,Area,Female,5261.39,Area,Low,No
AG01671,Karnataka,Srirangapatna,Area,Institution,300.39,Area,Low,No
AG01672,Karnataka,Srirangapatna,Area,Total,22928.86,Area,Medium,No
AG01673,Karnataka,Sulya,Numbers,Male,18969.0,Count,Medium,No
AG01674,Karnataka,Sulya,Numbers,Female,6694.0,Count,Low,No
AG01675,Karnataka,Sulya,Numbers,Institution,110.0,Count,Low,No
AG01676,Karnataka,Sulya,Numbers,Total,25773.0,Count,Medium,No
AG01677,Karnataka,Sulya,Area,Male,18037.68,Area,Medium,No
AG01678,Karnataka,Sulya,Area,Female,5894.79,Area,Low,No
AG01679,Karnataka,Sulya,Area,Institution,174.04,Area,Low,No
AG01680,Karnataka,Sulya,Area,Total,24106.51,Area,Medium,No
AG01681,Karnataka,T.Narasipura,Numbers,Male,65723.0,Count,High,No
AG01682,Karnataka,T.Narasipura,Numbers,Female,17274.0,Count,Medium,No
AG01683,Karnataka,T.Narasipura,Numbers,Institution,78.0,Count,Low,No
AG01684,Karnataka,T.Narasipura,Numbers,Total,83075.0,Count,High,No
AG01685,Karnataka,T.Narasipura,Area,Male,34916.81,Area,Medium,No
AG01686,Karnataka,T.Narasipura,Area,Female,9207.36,Area,Low,No
AG01687,Karnataka,T.Narasipura,Area,Institution,93.42,Area,Low,No
AG01688,Karnataka,T.Narasipura,Area,Total,44217.59,Area,Medium,No
AG01689,Karnataka,Talikote,Numbers,Male,0.0,Count,Zero,Yes
AG01690,Karnataka,Talikote,Numbers,Female,0.0,Count,Zero,Yes
AG01691,Karnataka,Talikote,Numbers,Institution,0.0,Count,Zero,Yes
AG01692,Karnataka,Talikote,Numbers,Total,0.0,Count,Zero,Yes
AG01693,Karnataka,Talikote,Area,Male,0.0,Area,Zero,Yes
AG01694,Karnataka,Talikote,Area,Female,0.0,Area,Zero,Yes
AG01695,Karnataka,Talikote,Area,Institution,0.0,Area,Zero,Yes
AG01696,Karnataka,Talikote,Area,Total,0.0,Area,Zero,Yes
AG01697,Karnataka,Tarikere,Numbers,Male,44656.0,Count,Medium,No
AG01698,Karnataka,Tarikere,Numbers,Female,8866.0,Count,Low,No
AG01699,Karnataka,Tarikere,Numbers,Institution,170.0,Count,Low,No
AG01700,Karnataka,Tarikere,Numbers,Total,53692.0,Count,High,No
AG01701,Karnataka,Tarikere,Area,Male,52912.84,Area,High,No
AG01702,Karnataka,Tarikere,Area,Female,9754.39,Area,Low,No
AG01703,Karnataka,Tarikere,Area,Institution,1267.74,Area,Low,No
AG01704,Karnataka,Tarikere,Area,Total,63934.97,Area,High,No
AG01705,Karnataka,Thirthahalli,Numbers,Male,19098.0,Count,Medium,No
AG01706,Karnataka,Thirthahalli,Numbers,Female,5986.0,Count,Low,No
AG01707,Karnataka,Thirthahalli,Numbers,Institution,50.0,Count,Low,No
AG01708,Karnataka,Thirthahalli,Numbers,Total,25134.0,Count,Medium,No
AG01709,Karnataka,Thirthahalli,Area,Male,20495.58,Area,Medium,No
AG01710,Karnataka,Thirthahalli,Area,Female,6576.0,Area,Low,No
AG01711,Karnataka,Thirthahalli,Area,Institution,131.75,Area,Low,No
AG01712,Karnataka,Thirthahalli,Area,Total,27203.33,Area,Medium,No
AG01713,Karnataka,Tikota,Numbers,Male,0.0,Count,Zero,Yes
AG01714,Karnataka,Tikota,Numbers,Female,0.0,Count,Zero,Yes
AG01715,Karnataka,Tikota,Numbers,Institution,0.0,Count,Zero,Yes
AG01716,Karnataka,Tikota,Numbers,Total,0.0,Count,Zero,Yes
AG01717,Karnataka,Tikota,Area,Male,0.0,Area,Zero,Yes
AG01718,Karnataka,Tikota,Area,Female,0.0,Area,Zero,Yes
AG01719,Karnataka,Tikota,Area,Institution,0.0,Area,Zero,Yes
AG01720,Karnataka,Tikota,Area,Total,0.0,Area,Zero,Yes
AG01721,Karnataka,Tiptur,Numbers,Male,41058.0,Count,Medium,No
AG01722,Karnataka,Tiptur,Numbers,Female,10696.0,Count,Medium,No
AG01723,Karnataka,Tiptur,Numbers,Institution,68.0,Count,Low,No
AG01724,Karnataka,Tiptur,Numbers,Total,51822.0,Count,High,No
AG01725,Karnataka,Tiptur,Area,Male,45630.96,Area,Medium,No
AG01726,Karnataka,Tiptur,Area,Female,10435.28,Area,Medium,No
AG01727,Karnataka,Tiptur,Area,Institution,222.15,Area,Low,No
AG01728,Karnataka,Tiptur,Area,Total,56288.39,Area,High,No
AG01729,Karnataka,Tumkur,Numbers,Male,52074.0,Count,High,No
AG01730,Karnataka,Tumkur,Numbers,Female,15476.0,Count,Medium,No
AG01731,Karnataka,Tumkur,Numbers,Institution,34.0,Count,Low,No
AG01732,Karnataka,Tumkur,Numbers,Total,67584.0,Count,High,No
AG01733,Karnataka,Tumkur,Area,Male,50196.8,Area,High,No
AG01734,Karnataka,Tumkur,Area,Female,14192.32,Area,Medium,No
AG01735,Karnataka,Tumkur,Area,Institution,111.36,Area,Low,No
AG01736,Karnataka,Tumkur,Area,Total,64500.48,Area,High,No
AG01737,Karnataka,Turuvekere,Numbers,Male,41787.0,Count,Medium,No
AG01738,Karnataka,Turuvekere,Numbers,Female,9958.0,Count,Low,No
AG01739,Karnataka,Turuvekere,Numbers,Institution,48.0,Count,Low,No
AG01740,Karnataka,Turuvekere,Numbers,Total,51793.0,Count,High,No
AG01741,Karnataka,Turuvekere,Area,Male,40763.32,Area,Medium,No
AG01742,Karnataka,Turuvekere,Area,Female,8076.43,Area,Low,No
AG01743,Karnataka,Turuvekere,Area,Institution,87.16,Area,Low,No
AG01744,Karnataka,Turuvekere,Area,Total,48926.91,Area,Medium,No
AG01745,Karnataka,Udupi,Numbers,Male,7613.0,Count,Low,No
AG01746,Karnataka,Udupi,Numbers,Female,6004.0,Count,Low,No
AG01747,Karnataka,Udupi,Numbers,Institution,84.0,Count,Low,No
AG01748,Karnataka,Udupi,Numbers,Total,13701.0,Count,Medium,No
AG01749,Karnataka,Udupi,Area,Male,6880.0,Area,Low,No
AG01750,Karnataka,Udupi,Area,Female,5067.0,Area,Low,No
AG01751,Karnataka,Udupi,Area,Institution,152.0,Area,Low,No
AG01752,Karnataka,Udupi,Area,Total,12099.0,Area,Medium,No
AG01753,Karnataka,Vadagera,Numbers,Male,0.0,Count,Zero,Yes
AG01754,Karnataka,Vadagera,Numbers,Female,0.0,Count,Zero,Yes
AG01755,Karnataka,Vadagera,Numbers,Institution,0.0,Count,Zero,Yes
AG01756,Karnataka,Vadagera,Numbers,Total,0.0,Count,Zero,Yes
AG01757,Karnataka,Vadagera,Area,Male,0.0,Area,Zero,Yes
AG01758,Karnataka,Vadagera,Area,Female,0.0,Area,Zero,Yes
AG01759,Karnataka,Vadagera,Area,Institution,0.0,Area,Zero,Yes
AG01760,Karnataka,Vadagera,Area,Total,0.0,Area,Zero,Yes
AG01761,Karnataka,Virajpet,Numbers,Male,18030.0,Count,Medium,No
AG01762,Karnataka,Virajpet,Numbers,Female,2586.0,Count,Low,No
AG01763,Karnataka,Virajpet,Numbers,Institution,99.0,Count,Low,No
AG01764,Karnataka,Virajpet,Numbers,Total,20715.0,Count,Medium,No
AG01765,Karnataka,Virajpet,Area,Male,54050.01,Area,High,No
AG01766,Karnataka,Virajpet,Area,Female,6869.05,Area,Low,No
AG01767,Karnataka,Virajpet,Area,Institution,4729.72,Area,Low,No
AG01768,Karnataka,Virajpet,Area,Total,65648.78,Area,High,No
AG01769,Karnataka,Yadgir,Numbers,Male,72873.0,Count,High,No
AG01770,Karnataka,Yadgir,Numbers,Female,11297.0,Count,Medium,No
AG01771,Karnataka,Yadgir,Numbers,Institution,50.0,Count,Low,No
AG01772,Karnataka,Yadgir,Numbers,Total,84220.0,Count,High,No
AG01773,Karnataka,Yadgir,Area,Male,116491.86,Area,High,No
AG01774,Karnataka,Yadgir,Area,Female,19176.96,Area,Medium,No
AG01775,Karnataka,Yadgir,Area,Institution,173.34,Area,Low,No
AG01776,Karnataka,Yadgir,Area,Total,135842.16,Area,High,No
AG01777,Karnataka,Yadrami,Numbers,Male,0.0,Count,Zero,Yes
AG01778,Karnataka,Yadrami,Numbers,Female,0.0,Count,Zero,Yes
AG01779,Karnataka,Yadrami,Numbers,Institution,0.0,Count,Zero,Yes
AG01780,Karnataka,Yadrami,Numbers,Total,0.0,Count,Zero,Yes
AG01781,Karnataka,Yadrami,Area,Male,0.0,Area,Zero,Yes
AG01782,Karnataka,Yadrami,Area,Female,0.0,Area,Zero,Yes
AG01783,Karnataka,Yadrami,Area,Institution,0.0,Area,Zero,Yes
AG01784,Karnataka,Yadrami,Area,Total,0.0,Area,Zero,Yes
AG01785,Karnataka,Yalandur,Numbers,Male,15148.0,Count,Medium,No
AG01786,Karnataka,Yalandur,Numbers,Female,3594.0,Count,Low,No
AG01787,Karnataka,Yalandur,Numbers,Institution,37.0,Count,Low,No
AG01788,Karnataka,Yalandur,Numbers,Total,18779.0,Count,Medium,No
AG01789,Karnataka,Yalandur,Area,Male,7720.14,Area,Low,No
AG01790,Karnataka,Yalandur,Area,Female,1667.73,Area,Low,No
AG01791,Karnataka,Yalandur,Area,Institution,33.49,Area,Low,No
AG01792,Karnataka,Yalandur,Area,Total,9421.36,Area,Low,No
AG01793,Karnataka,Yelahanka,Numbers,Male,0.0,Count,Zero,Yes
AG01794,Karnataka,Yelahanka,Numbers,Female,0.0,Count,Zero,Yes
AG01795,Karnataka,Yelahanka,Numbers,Institution,0.0,Count,Zero,Yes
AG01796,Karnataka,Yelahanka,Numbers,Total,0.0,Count,Zero,Yes
AG01797,Karnataka,Yelahanka,Area,Male,0.0,Area,Zero,Yes
AG01798,Karnataka,Yelahanka,Area,Female,0.0,Area,Zero,Yes
AG01799,Karnataka,Yelahanka,Area,Institution,0.0,Area,Zero,Yes
AG01800,Karnataka,Yelahanka,Area,Total,0.0,Area,Zero,Yes
AG01801,Karnataka,Yelburga,Numbers,Male,49035.0,Count,Medium,No
AG01802,Karnataka,Yelburga,Numbers,Female,12150.0,Count,Medium,No
AG01803,Karnataka,Yelburga,Numbers,Institution,36.0,Count,Low,No
AG01804,Karnataka,Yelburga,Numbers,Total,61221.0,Count,High,No
AG01805,Karnataka,Yelburga,Area,Male,103997.97,Area,High,No
AG01806,Karnataka,Yelburga,Area,Female,23797.33,Area,Medium,No
AG01807,Karnataka,Yelburga,Area,Institution,187.36,Area,Low,No
AG01808,Karnataka,Yelburga,Area,Total,127982.66,Area,High,No
AG01809,Karnataka,Yellapur,Numbers,Male,7340.0,Count,Low,No
AG01810,Karnataka,Yellapur,Numbers,Female,1426.0,Count,Low,No
AG01811,Karnataka,Yellapur,Numbers,Institution,21.0,Count,Low,No
AG01812,Karnataka,Yellapur,Numbers,Total,8787.0,Count,Low,No
AG01813,Karnataka,Yellapur,Area,Male,8005.76,Area,Low,No
AG01814,Karnataka,Yellapur,Area,Female,1430.51,Area,Low,No
AG01815,Karnataka,Yellapur,Area,Institution,23.79,Area,Low,No
AG01816,Karnataka,Yellapur,Area,Total,9460.06,Area,Low,No
AG01817,Karnataka,State total,Numbers,Male,6919313.0,Count,High,No
AG01818,Karnataka,State total,Numbers,Female,1742580.0,Count,High,No
AG01819,Karnataka,State total,Numbers,Institution,18846.0,Count,Medium,No
AG01820,Karnataka,State total,Numbers,Total,8680739.0,Count,High,No
AG01821,Karnataka,State total,Area,Male,9612322.05,Area,High,No
AG01822,Karnataka,State total,Area,Female,2102425.6,Area,High,No
AG01823,Karnataka,State total,Area,Institution,90349.49,Area,High,No
AG01824,Karnataka,State total,Area,Total,11805097.14,Area,High,No
